Id,Label
1,20
2,14
3,12
4,24
5,16
6,36
7,0
8,9
9,16
10,8
11,7
12,11
13,0
14,0
15,9
16,18
17,15
18,14
19,2
20,0
21,7
22,3
23,20
24,5
25,4
26,12
27,32
28,9
29,4
30,32
31,1
32,2
33,4
34,56
35,24
36,0
37,1
38,0
39,13
40,20
41,24
42,2
43,18
44,5
45,11
46,2
47,6
48,3
49,15
50,3
51,16
52,18
53,20
54,6
55,9
56,12
57,7
58,7
59,0
60,5
61,15
62,21
63,18
64,81
65,4
66,27
67,35
68,11
69,8
70,12
71,24
72,45
73,54
74,2
75,14
76,12
77,24
78,36
79,8
80,24
81,6
82,0
83,54
84,5
85,12
86,12
87,8
88,30
89,10
90,24
91,0
92,32
93,18
94,1
95,8
96,12
97,6
98,10
99,11
100,0
101,0
102,10
103,7
104,5
105,36
106,14
107,8
108,12
109,9
110,12
111,0
112,6
113,9
114,12
115,32
116,49
117,3
118,17
119,63
120,6
121,72
122,0
123,9
124,6
125,3
126,0
127,0
128,9
129,24
130,0
131,5
132,9
133,0
134,28
135,7
136,21
137,5
138,8
139,11
140,15
141,16
142,10
143,6
144,11
145,1
146,4
147,0
148,0
149,28
150,0
151,17
152,8
153,6
154,21
155,18
156,6
157,2
158,42
159,0
160,10
161,36
162,2
163,7
164,0
165,11
166,15
167,9
168,14
169,3
170,11
171,16
172,11
173,56
174,18
175,11
176,8
177,9
178,7
179,64
180,12
181,3
182,63
183,28
184,18
185,11
186,4
187,10
188,8
189,7
190,5
191,0
192,5
193,21
194,0
195,9
196,30
197,0
198,15
199,15
200,10
201,0
202,0
203,14
204,6
205,63
206,27
207,8
208,24
209,10
210,4
211,12
212,8
213,0
214,7
215,36
216,48
217,0
218,64
219,0
220,21
221,18
222,21
223,24
224,7
225,8
226,48
227,8
228,12
229,35
230,16
231,11
232,9
233,7
234,45
235,81
236,48
237,15
238,12
239,49
240,12
241,14
242,15
243,56
244,48
245,0
246,0
247,17
248,15
249,14
250,1
251,0
252,0
253,12
254,8
255,14
256,42
257,56
258,12
259,11
260,21
261,0
262,36
263,15
264,8
265,12
266,63
267,16
268,12
269,2
270,0
271,4
272,16
273,20
274,16
275,6
276,6
277,9
278,10
279,3
280,3
281,0
282,0
283,6
284,5
285,14
286,9
287,0
288,15
289,0
290,12
291,4
292,17
293,12
294,16
295,28
296,40
297,8
298,11
299,11
300,10
301,12
302,11
303,14
304,8
305,8
306,5
307,5
308,4
309,12
310,10
311,0
312,9
313,4
314,5
315,16
316,7
317,0
318,10
319,0
320,9
321,6
322,9
323,6
324,36
325,36
326,5
327,1
328,14
329,6
330,12
331,16
332,0
333,8
334,3
335,20
336,36
337,3
338,72
339,27
340,30
341,5
342,12
343,0
344,42
345,13
346,36
347,10
348,4
349,0
350,2
351,3
352,0
353,0
354,54
355,9
356,28
357,3
358,15
359,27
360,0
361,9
362,14
363,5
364,72
365,9
366,12
367,2
368,27
369,6
370,6
371,0
372,36
373,14
374,0
375,17
376,3
377,16
378,4
379,15
380,0
381,48
382,11
383,7
384,14
385,15
386,6
387,32
388,10
389,6
390,4
391,81
392,9
393,4
394,0
395,0
396,16
397,36
398,9
399,4
400,8
401,21
402,3
403,18
404,11
405,0
406,9
407,5
408,15
409,5
410,1
411,14
412,6
413,13
414,32
415,7
416,3
417,18
418,35
419,7
420,10
421,32
422,0
423,3
424,8
425,16
426,0
427,7
428,36
429,0
430,18
431,4
432,0
433,11
434,8
435,8
436,3
437,6
438,54
439,8
440,9
441,18
442,8
443,36
444,9
445,8
446,3
447,14
448,48
449,0
450,6
451,11
452,0
453,35
454,5
455,48
456,56
457,12
458,0
459,0
460,21
461,0
462,2
463,13
464,8
465,72
466,63
467,16
468,18
469,12
470,18
471,9
472,6
473,13
474,16
475,8
476,42
477,0
478,2
479,48
480,64
481,10
482,54
483,16
484,1
485,7
486,15
487,6
488,6
489,15
490,7
491,8
492,3
493,9
494,9
495,5
496,45
497,11
498,9
499,1
500,5
501,72
502,9
503,6
504,36
505,11
506,8
507,16
508,0
509,0
510,0
511,9
512,27
513,0
514,36
515,14
516,27
517,2
518,21
519,12
520,5
521,10
522,6
523,10
524,0
525,0
526,8
527,15
528,7
529,0
530,12
531,13
532,14
533,3
534,14
535,28
536,9
537,6
538,3
539,10
540,12
541,30
542,11
543,40
544,9
545,10
546,0
547,12
548,40
549,0
550,5
551,9
552,5
553,18
554,5
555,4
556,8
557,21
558,13
559,16
560,5
561,15
562,36
563,0
564,1
565,8
566,0
567,6
568,9
569,7
570,24
571,28
572,0
573,15
574,12
575,8
576,8
577,0
578,3
579,0
580,0
581,15
582,11
583,6
584,27
585,15
586,14
587,4
588,35
589,9
590,4
591,4
592,16
593,7
594,18
595,2
596,0
597,36
598,0
599,2
600,0
601,5
602,24
603,5
604,64
605,11
606,48
607,14
608,42
609,4
610,6
611,3
612,18
613,4
614,7
615,0
616,10
617,13
618,0
619,30
620,35
621,10
622,49
623,2
624,49
625,3
626,54
627,12
628,10
629,2
630,8
631,0
632,0
633,14
634,8
635,20
636,2
637,8
638,32
639,10
640,11
641,0
642,27
643,15
644,7
645,6
646,8
647,8
648,16
649,11
650,0
651,13
652,0
653,9
654,20
655,12
656,9
657,14
658,15
659,10
660,18
661,0
662,11
663,8
664,5
665,11
666,12
667,36
668,6
669,5
670,13
671,6
672,32
673,8
674,1
675,9
676,0
677,11
678,6
679,16
680,15
681,9
682,0
683,45
684,14
685,0
686,5
687,9
688,9
689,6
690,10
691,16
692,20
693,14
694,0
695,24
696,30
697,6
698,35
699,9
700,11
701,2
702,0
703,0
704,6
705,4
706,12
707,63
708,8
709,27
710,11
711,6
712,30
713,2
714,4
715,15
716,21
717,8
718,9
719,1
720,2
721,9
722,25
723,2
724,7
725,18
726,12
727,4
728,7
729,2
730,45
731,17
732,10
733,0
734,0
735,0
736,5
737,9
738,15
739,28
740,0
741,9
742,3
743,21
744,11
745,14
746,7
747,20
748,6
749,0
750,14
751,0
752,10
753,12
754,3
755,11
756,35
757,0
758,0
759,5
760,12
761,25
762,4
763,8
764,72
765,15
766,13
767,15
768,36
769,15
770,10
771,30
772,9
773,10
774,2
775,11
776,0
777,0
778,10
779,81
780,8
781,13
782,12
783,21
784,0
785,13
786,7
787,48
788,1
789,12
790,12
791,0
792,8
793,16
794,35
795,6
796,40
797,7
798,12
799,4
800,5
801,14
802,24
803,1
804,2
805,18
806,11
807,10
808,9
809,35
810,25
811,0
812,28
813,18
814,3
815,30
816,3
817,5
818,48
819,9
820,10
821,0
822,16
823,16
824,18
825,12
826,10
827,11
828,7
829,11
830,42
831,28
832,36
833,32
834,8
835,2
836,7
837,10
838,18
839,49
840,8
841,49
842,12
843,11
844,6
845,6
846,12
847,18
848,18
849,9
850,4
851,16
852,27
853,12
854,20
855,12
856,11
857,13
858,40
859,27
860,2
861,12
862,56
863,7
864,0
865,45
866,18
867,8
868,54
869,28
870,63
871,2
872,6
873,72
874,6
875,0
876,35
877,14
878,6
879,20
880,15
881,15
882,0
883,5
884,0
885,4
886,7
887,1
888,11
889,14
890,32
891,49
892,63
893,14
894,7
895,4
896,16
897,16
898,15
899,9
900,6
901,8
902,8
903,12
904,13
905,25
906,8
907,8
908,16
909,0
910,10
911,14
912,7
913,72
914,14
915,13
916,3
917,7
918,18
919,8
920,10
921,0
922,14
923,16
924,0
925,9
926,30
927,5
928,18
929,0
930,0
931,13
932,18
933,0
934,11
935,7
936,0
937,0
938,24
939,45
940,1
941,63
942,40
943,1
944,4
945,13
946,10
947,12
948,45
949,42
950,48
951,6
952,10
953,5
954,56
955,4
956,9
957,10
958,10
959,10
960,24
961,40
962,16
963,10
964,9
965,18
966,8
967,16
968,1
969,0
970,21
971,2
972,3
973,7
974,10
975,10
976,9
977,5
978,6
979,0
980,10
981,35
982,72
983,11
984,9
985,15
986,13
987,9
988,28
989,8
990,6
991,10
992,6
993,0
994,48
995,12
996,12
997,81
998,5
999,3
1000,0
1001,0
1002,0
1003,9
1004,42
1005,64
1006,10
1007,7
1008,12
1009,4
1010,4
1011,0
1012,40
1013,13
1014,24
1015,12
1016,8
1017,8
1018,18
1019,45
1020,36
1021,12
1022,14
1023,49
1024,8
1025,16
1026,81
1027,14
1028,7
1029,25
1030,8
1031,6
1032,2
1033,12
1034,16
1035,0
1036,24
1037,0
1038,16
1039,8
1040,10
1041,0
1042,3
1043,4
1044,11
1045,8
1046,27
1047,63
1048,0
1049,4
1050,7
1051,7
1052,72
1053,6
1054,0
1055,7
1056,14
1057,36
1058,9
1059,0
1060,36
1061,3
1062,0
1063,32
1064,18
1065,48
1066,8
1067,11
1068,6
1069,0
1070,2
1071,3
1072,10
1073,18
1074,18
1075,35
1076,0
1077,0
1078,2
1079,4
1080,7
1081,7
1082,0
1083,13
1084,7
1085,48
1086,8
1087,12
1088,28
1089,7
1090,8
1091,15
1092,8
1093,6
1094,11
1095,6
1096,9
1097,14
1098,2
1099,5
1100,27
1101,10
1102,5
1103,6
1104,27
1105,32
1106,12
1107,10
1108,3
1109,27
1110,0
1111,10
1112,14
1113,72
1114,18
1115,54
1116,27
1117,3
1118,12
1119,11
1120,14
1121,14
1122,49
1123,5
1124,24
1125,10
1126,0
1127,4
1128,1
1129,0
1130,2
1131,18
1132,5
1133,6
1134,11
1135,9
1136,2
1137,18
1138,0
1139,5
1140,4
1141,6
1142,8
1143,42
1144,63
1145,15
1146,7
1147,28
1148,0
1149,25
1150,5
1151,48
1152,4
1153,0
1154,0
1155,0
1156,64
1157,48
1158,0
1159,7
1160,2
1161,8
1162,3
1163,8
1164,0
1165,10
1166,4
1167,16
1168,81
1169,42
1170,1
1171,42
1172,3
1173,72
1174,15
1175,0
1176,4
1177,14
1178,6
1179,14
1180,16
1181,12
1182,12
1183,16
1184,28
1185,32
1186,2
1187,8
1188,3
1189,9
1190,1
1191,2
1192,13
1193,8
1194,56
1195,27
1196,0
1197,13
1198,15
1199,7
1200,8
1201,10
1202,11
1203,0
1204,1
1205,6
1206,1
1207,0
1208,14
1209,7
1210,9
1211,42
1212,9
1213,5
1214,0
1215,18
1216,27
1217,42
1218,15
1219,63
1220,7
1221,0
1222,3
1223,10
1224,11
1225,45
1226,4
1227,1
1228,14
1229,0
1230,13
1231,12
1232,16
1233,8
1234,6
1235,13
1236,6
1237,8
1238,11
1239,10
1240,7
1241,6
1242,4
1243,0
1244,4
1245,6
1246,3
1247,0
1248,3
1249,24
1250,4
1251,6
1252,10
1253,0
1254,0
1255,27
1256,0
1257,1
1258,54
1259,4
1260,48
1261,4
1262,14
1263,35
1264,0
1265,7
1266,2
1267,36
1268,10
1269,16
1270,40
1271,20
1272,30
1273,8
1274,20
1275,17
1276,8
1277,24
1278,9
1279,56
1280,8
1281,18
1282,21
1283,0
1284,1
1285,1
1286,6
1287,6
1288,8
1289,0
1290,4
1291,21
1292,54
1293,4
1294,10
1295,10
1296,4
1297,9
1298,6
1299,28
1300,6
1301,42
1302,56
1303,14
1304,7
1305,18
1306,4
1307,11
1308,45
1309,0
1310,42
1311,14
1312,16
1313,5
1314,56
1315,10
1316,2
1317,3
1318,36
1319,13
1320,11
1321,24
1322,0
1323,17
1324,32
1325,6
1326,6
1327,0
1328,5
1329,30
1330,4
1331,14
1332,8
1333,4
1334,54
1335,11
1336,8
1337,6
1338,6
1339,16
1340,6
1341,32
1342,0
1343,8
1344,0
1345,9
1346,0
1347,2
1348,9
1349,10
1350,15
1351,20
1352,16
1353,11
1354,3
1355,0
1356,5
1357,7
1358,8
1359,45
1360,5
1361,6
1362,20
1363,0
1364,56
1365,5
1366,6
1367,9
1368,11
1369,56
1370,14
1371,8
1372,16
1373,18
1374,24
1375,9
1376,7
1377,3
1378,12
1379,6
1380,7
1381,13
1382,8
1383,54
1384,4
1385,63
1386,18
1387,30
1388,10
1389,3
1390,35
1391,27
1392,42
1393,42
1394,10
1395,30
1396,15
1397,1
1398,18
1399,25
1400,0
1401,42
1402,8
1403,35
1404,48
1405,7
1406,6
1407,7
1408,14
1409,8
1410,2
1411,3
1412,40
1413,8
1414,8
1415,30
1416,18
1417,9
1418,8
1419,7
1420,0
1421,18
1422,0
1423,54
1424,15
1425,63
1426,12
1427,12
1428,0
1429,4
1430,3
1431,6
1432,0
1433,9
1434,0
1435,7
1436,5
1437,35
1438,30
1439,30
1440,18
1441,14
1442,24
1443,0
1444,0
1445,72
1446,28
1447,15
1448,15
1449,18
1450,35
1451,5
1452,15
1453,72
1454,0
1455,17
1456,36
1457,54
1458,7
1459,72
1460,18
1461,63
1462,7
1463,14
1464,0
1465,10
1466,16
1467,6
1468,1
1469,18
1470,30
1471,15
1472,13
1473,8
1474,4
1475,7
1476,4
1477,6
1478,72
1479,16
1480,1
1481,11
1482,9
1483,72
1484,15
1485,2
1486,2
1487,4
1488,7
1489,14
1490,16
1491,72
1492,0
1493,9
1494,15
1495,5
1496,5
1497,16
1498,24
1499,10
1500,4
1501,30
1502,0
1503,15
1504,10
1505,24
1506,14
1507,0
1508,9
1509,0
1510,9
1511,63
1512,14
1513,11
1514,3
1515,8
1516,15
1517,9
1518,9
1519,30
1520,7
1521,0
1522,4
1523,36
1524,9
1525,0
1526,0
1527,28
1528,45
1529,10
1530,10
1531,5
1532,8
1533,9
1534,63
1535,15
1536,9
1537,20
1538,24
1539,3
1540,63
1541,45
1542,12
1543,0
1544,63
1545,1
1546,16
1547,36
1548,81
1549,27
1550,10
1551,4
1552,0
1553,16
1554,12
1555,0
1556,0
1557,8
1558,14
1559,3
1560,7
1561,10
1562,11
1563,18
1564,21
1565,9
1566,11
1567,6
1568,72
1569,7
1570,12
1571,6
1572,28
1573,12
1574,32
1575,15
1576,3
1577,11
1578,4
1579,9
1580,54
1581,2
1582,72
1583,5
1584,7
1585,20
1586,18
1587,15
1588,5
1589,12
1590,0
1591,7
1592,9
1593,11
1594,0
1595,18
1596,9
1597,4
1598,0
1599,14
1600,13
1601,48
1602,0
1603,24
1604,6
1605,48
1606,7
1607,7
1608,8
1609,3
1610,72
1611,6
1612,35
1613,72
1614,8
1615,27
1616,24
1617,10
1618,8
1619,6
1620,9
1621,9
1622,63
1623,6
1624,2
1625,0
1626,4
1627,6
1628,48
1629,30
1630,18
1631,17
1632,0
1633,0
1634,3
1635,35
1636,6
1637,6
1638,7
1639,15
1640,27
1641,0
1642,0
1643,15
1644,10
1645,9
1646,49
1647,10
1648,35
1649,30
1650,8
1651,1
1652,18
1653,2
1654,9
1655,9
1656,16
1657,7
1658,3
1659,18
1660,32
1661,2
1662,28
1663,1
1664,12
1665,0
1666,42
1667,14
1668,15
1669,0
1670,11
1671,8
1672,35
1673,13
1674,36
1675,27
1676,6
1677,15
1678,8
1679,12
1680,14
1681,36
1682,16
1683,49
1684,16
1685,13
1686,0
1687,0
1688,12
1689,0
1690,63
1691,27
1692,56
1693,4
1694,8
1695,12
1696,2
1697,20
1698,4
1699,13
1700,0
1701,5
1702,6
1703,30
1704,9
1705,13
1706,56
1707,15
1708,3
1709,7
1710,45
1711,12
1712,8
1713,18
1714,49
1715,9
1716,56
1717,54
1718,13
1719,8
1720,8
1721,6
1722,45
1723,63
1724,3
1725,49
1726,12
1727,0
1728,16
1729,0
1730,10
1731,27
1732,42
1733,6
1734,3
1735,7
1736,72
1737,54
1738,54
1739,12
1740,0
1741,14
1742,10
1743,0
1744,0
1745,8
1746,14
1747,18
1748,14
1749,5
1750,4
1751,3
1752,7
1753,4
1754,8
1755,10
1756,36
1757,0
1758,6
1759,8
1760,10
1761,11
1762,6
1763,12
1764,16
1765,1
1766,14
1767,18
1768,18
1769,7
1770,30
1771,1
1772,10
1773,5
1774,1
1775,11
1776,24
1777,25
1778,40
1779,64
1780,2
1781,7
1782,54
1783,10
1784,6
1785,3
1786,0
1787,0
1788,63
1789,12
1790,9
1791,7
1792,13
1793,12
1794,32
1795,2
1796,7
1797,81
1798,3
1799,36
1800,56
1801,3
1802,11
1803,54
1804,9
1805,49
1806,5
1807,20
1808,30
1809,6
1810,45
1811,0
1812,4
1813,24
1814,36
1815,24
1816,17
1817,42
1818,56
1819,6
1820,0
1821,4
1822,7
1823,0
1824,6
1825,0
1826,4
1827,14
1828,10
1829,0
1830,12
1831,42
1832,0
1833,7
1834,12
1835,0
1836,8
1837,45
1838,14
1839,12
1840,42
1841,16
1842,18
1843,8
1844,9
1845,0
1846,9
1847,63
1848,5
1849,28
1850,0
1851,40
1852,12
1853,35
1854,15
1855,10
1856,11
1857,28
1858,30
1859,18
1860,8
1861,14
1862,8
1863,20
1864,13
1865,16
1866,0
1867,9
1868,4
1869,9
1870,4
1871,5
1872,40
1873,6
1874,2
1875,11
1876,11
1877,15
1878,16
1879,10
1880,7
1881,25
1882,3
1883,48
1884,54
1885,3
1886,9
1887,14
1888,17
1889,0
1890,0
1891,0
1892,0
1893,6
1894,5
1895,5
1896,45
1897,6
1898,24
1899,21
1900,2
1901,9
1902,6
1903,7
1904,54
1905,28
1906,0
1907,10
1908,25
1909,18
1910,27
1911,28
1912,4
1913,36
1914,54
1915,7
1916,6
1917,17
1918,9
1919,56
1920,7
1921,7
1922,8
1923,7
1924,11
1925,10
1926,8
1927,12
1928,56
1929,8
1930,13
1931,11
1932,42
1933,7
1934,10
1935,0
1936,16
1937,7
1938,5
1939,6
1940,18
1941,5
1942,10
1943,14
1944,13
1945,5
1946,1
1947,25
1948,21
1949,17
1950,72
1951,10
1952,0
1953,3
1954,24
1955,7
1956,40
1957,9
1958,30
1959,5
1960,30
1961,0
1962,18
1963,27
1964,8
1965,32
1966,16
1967,11
1968,28
1969,32
1970,40
1971,0
1972,9
1973,0
1974,9
1975,8
1976,11
1977,10
1978,10
1979,8
1980,12
1981,32
1982,9
1983,6
1984,8
1985,4
1986,2
1987,8
1988,54
1989,5
1990,42
1991,63
1992,4
1993,12
1994,0
1995,8
1996,7
1997,0
1998,6
1999,11
2000,4
2001,0
2002,14
2003,5
2004,10
2005,5
2006,18
2007,12
2008,13
2009,9
2010,3
2011,5
2012,7
2013,6
2014,6
2015,13
2016,0
2017,3
2018,0
2019,12
2020,5
2021,8
2022,4
2023,18
2024,13
2025,0
2026,7
2027,72
2028,7
2029,10
2030,56
2031,16
2032,9
2033,24
2034,8
2035,35
2036,0
2037,40
2038,4
2039,8
2040,6
2041,17
2042,10
2043,54
2044,24
2045,6
2046,4
2047,2
2048,8
2049,0
2050,8
2051,4
2052,48
2053,28
2054,6
2055,12
2056,13
2057,0
2058,4
2059,28
2060,24
2061,8
2062,0
2063,30
2064,0
2065,4
2066,12
2067,18
2068,0
2069,16
2070,42
2071,13
2072,4
2073,0
2074,63
2075,8
2076,9
2077,10
2078,0
2079,21
2080,10
2081,0
2082,5
2083,27
2084,4
2085,18
2086,56
2087,9
2088,28
2089,14
2090,81
2091,24
2092,18
2093,36
2094,0
2095,12
2096,3
2097,8
2098,8
2099,0
2100,14
2101,27
2102,10
2103,6
2104,15
2105,0
2106,4
2107,21
2108,81
2109,5
2110,36
2111,11
2112,27
2113,21
2114,10
2115,63
2116,36
2117,63
2118,16
2119,7
2120,18
2121,15
2122,36
2123,5
2124,6
2125,10
2126,16
2127,0
2128,8
2129,0
2130,12
2131,10
2132,12
2133,54
2134,12
2135,0
2136,7
2137,9
2138,9
2139,35
2140,9
2141,0
2142,16
2143,8
2144,6
2145,8
2146,9
2147,8
2148,27
2149,72
2150,12
2151,4
2152,8
2153,16
2154,14
2155,2
2156,28
2157,15
2158,6
2159,24
2160,12
2161,20
2162,8
2163,28
2164,0
2165,12
2166,8
2167,7
2168,11
2169,15
2170,5
2171,40
2172,35
2173,42
2174,8
2175,7
2176,48
2177,24
2178,27
2179,2
2180,15
2181,6
2182,3
2183,3
2184,8
2185,13
2186,0
2187,24
2188,48
2189,3
2190,12
2191,36
2192,9
2193,24
2194,3
2195,0
2196,63
2197,13
2198,0
2199,32
2200,20
2201,27
2202,27
2203,16
2204,9
2205,12
2206,64
2207,15
2208,15
2209,1
2210,5
2211,18
2212,36
2213,7
2214,10
2215,6
2216,49
2217,0
2218,64
2219,6
2220,49
2221,9
2222,14
2223,12
2224,4
2225,21
2226,10
2227,30
2228,10
2229,12
2230,13
2231,21
2232,0
2233,13
2234,5
2235,54
2236,3
2237,6
2238,2
2239,9
2240,9
2241,11
2242,4
2243,25
2244,0
2245,7
2246,3
2247,16
2248,2
2249,5
2250,32
2251,8
2252,7
2253,13
2254,18
2255,7
2256,40
2257,0
2258,12
2259,8
2260,0
2261,0
2262,0
2263,24
2264,6
2265,2
2266,27
2267,12
2268,0
2269,7
2270,13
2271,4
2272,2
2273,16
2274,14
2275,72
2276,12
2277,8
2278,0
2279,6
2280,2
2281,7
2282,6
2283,15
2284,11
2285,28
2286,6
2287,0
2288,10
2289,54
2290,2
2291,8
2292,3
2293,14
2294,4
2295,24
2296,14
2297,5
2298,8
2299,15
2300,1
2301,18
2302,16
2303,13
2304,1
2305,5
2306,9
2307,3
2308,9
2309,8
2310,8
2311,28
2312,0
2313,12
2314,10
2315,0
2316,15
2317,16
2318,5
2319,18
2320,9
2321,1
2322,5
2323,14
2324,35
2325,0
2326,27
2327,6
2328,13
2329,11
2330,24
2331,27
2332,7
2333,6
2334,7
2335,1
2336,5
2337,6
2338,18
2339,42
2340,8
2341,36
2342,11
2343,10
2344,45
2345,0
2346,2
2347,6
2348,7
2349,7
2350,49
2351,8
2352,11
2353,32
2354,15
2355,40
2356,7
2357,7
2358,28
2359,0
2360,0
2361,36
2362,45
2363,35
2364,0
2365,8
2366,8
2367,0
2368,7
2369,10
2370,3
2371,0
2372,0
2373,9
2374,10
2375,0
2376,0
2377,4
2378,81
2379,3
2380,0
2381,0
2382,4
2383,18
2384,9
2385,18
2386,4
2387,45
2388,9
2389,0
2390,17
2391,0
2392,5
2393,7
2394,81
2395,8
2396,17
2397,2
2398,15
2399,2
2400,8
2401,21
2402,9
2403,2
2404,54
2405,0
2406,3
2407,13
2408,12
2409,0
2410,10
2411,8
2412,7
2413,0
2414,10
2415,6
2416,5
2417,12
2418,56
2419,5
2420,5
2421,63
2422,12
2423,18
2424,1
2425,15
2426,3
2427,7
2428,12
2429,40
2430,0
2431,0
2432,4
2433,9
2434,35
2435,17
2436,24
2437,0
2438,12
2439,30
2440,0
2441,4
2442,18
2443,11
2444,12
2445,8
2446,15
2447,10
2448,7
2449,0
2450,0
2451,5
2452,11
2453,16
2454,7
2455,11
2456,3
2457,10
2458,8
2459,0
2460,9
2461,54
2462,3
2463,20
2464,20
2465,14
2466,7
2467,64
2468,14
2469,2
2470,8
2471,13
2472,5
2473,0
2474,9
2475,8
2476,36
2477,36
2478,12
2479,14
2480,9
2481,81
2482,4
2483,14
2484,56
2485,7
2486,25
2487,10
2488,10
2489,7
2490,18
2491,9
2492,9
2493,11
2494,56
2495,0
2496,20
2497,3
2498,12
2499,48
2500,4
2501,14
2502,18
2503,27
2504,9
2505,14
2506,21
2507,9
2508,63
2509,0
2510,11
2511,4
2512,5
2513,42
2514,8
2515,21
2516,8
2517,12
2518,6
2519,24
2520,3
2521,45
2522,0
2523,0
2524,81
2525,7
2526,9
2527,12
2528,72
2529,18
2530,13
2531,17
2532,14
2533,11
2534,0
2535,28
2536,0
2537,16
2538,8
2539,0
2540,8
2541,0
2542,12
2543,81
2544,0
2545,10
2546,0
2547,4
2548,6
2549,35
2550,8
2551,18
2552,64
2553,8
2554,24
2555,13
2556,8
2557,9
2558,4
2559,14
2560,21
2561,16
2562,16
2563,28
2564,9
2565,11
2566,6
2567,0
2568,24
2569,7
2570,6
2571,5
2572,45
2573,11
2574,81
2575,1
2576,13
2577,24
2578,16
2579,4
2580,0
2581,30
2582,35
2583,17
2584,4
2585,6
2586,15
2587,7
2588,9
2589,15
2590,18
2591,13
2592,48
2593,0
2594,64
2595,0
2596,18
2597,10
2598,0
2599,0
2600,18
2601,45
2602,3
2603,8
2604,7
2605,16
2606,21
2607,0
2608,0
2609,3
2610,3
2611,3
2612,7
2613,6
2614,6
2615,14
2616,0
2617,11
2618,6
2619,56
2620,12
2621,56
2622,5
2623,36
2624,0
2625,14
2626,0
2627,2
2628,8
2629,16
2630,0
2631,10
2632,9
2633,36
2634,0
2635,7
2636,8
2637,0
2638,15
2639,0
2640,5
2641,4
2642,49
2643,21
2644,2
2645,21
2646,16
2647,0
2648,24
2649,6
2650,28
2651,48
2652,0
2653,7
2654,4
2655,21
2656,9
2657,0
2658,6
2659,8
2660,4
2661,18
2662,64
2663,24
2664,24
2665,11
2666,13
2667,8
2668,9
2669,13
2670,24
2671,48
2672,0
2673,12
2674,8
2675,13
2676,0
2677,0
2678,10
2679,45
2680,0
2681,18
2682,0
2683,24
2684,0
2685,13
2686,5
2687,0
2688,7
2689,32
2690,2
2691,25
2692,6
2693,12
2694,12
2695,35
2696,0
2697,3
2698,18
2699,63
2700,4
2701,2
2702,13
2703,15
2704,5
2705,9
2706,4
2707,63
2708,0
2709,0
2710,3
2711,36
2712,11
2713,16
2714,18
2715,0
2716,7
2717,35
2718,14
2719,5
2720,14
2721,54
2722,4
2723,0
2724,27
2725,5
2726,17
2727,0
2728,8
2729,0
2730,8
2731,9
2732,7
2733,64
2734,54
2735,10
2736,0
2737,48
2738,14
2739,12
2740,40
2741,42
2742,40
2743,42
2744,10
2745,2
2746,6
2747,12
2748,12
2749,9
2750,32
2751,10
2752,21
2753,3
2754,36
2755,56
2756,6
2757,30
2758,4
2759,7
2760,27
2761,6
2762,8
2763,7
2764,10
2765,9
2766,15
2767,11
2768,24
2769,3
2770,9
2771,24
2772,5
2773,15
2774,10
2775,10
2776,10
2777,0
2778,21
2779,20
2780,10
2781,3
2782,4
2783,9
2784,40
2785,30
2786,11
2787,4
2788,0
2789,4
2790,7
2791,12
2792,3
2793,30
2794,15
2795,56
2796,8
2797,15
2798,54
2799,9
2800,0
2801,14
2802,0
2803,9
2804,16
2805,0
2806,0
2807,21
2808,10
2809,8
2810,28
2811,24
2812,15
2813,6
2814,11
2815,4
2816,64
2817,8
2818,81
2819,49
2820,0
2821,63
2822,12
2823,0
2824,25
2825,10
2826,5
2827,16
2828,4
2829,11
2830,9
2831,2
2832,1
2833,7
2834,30
2835,4
2836,0
2837,9
2838,0
2839,40
2840,36
2841,45
2842,10
2843,10
2844,2
2845,18
2846,8
2847,13
2848,15
2849,10
2850,14
2851,0
2852,9
2853,24
2854,14
2855,21
2856,45
2857,0
2858,5
2859,28
2860,4
2861,0
2862,36
2863,14
2864,9
2865,9
2866,13
2867,56
2868,7
2869,40
2870,12
2871,12
2872,10
2873,48
2874,9
2875,7
2876,5
2877,3
2878,18
2879,4
2880,1
2881,4
2882,9
2883,9
2884,12
2885,9
2886,0
2887,4
2888,10
2889,7
2890,12
2891,10
2892,11
2893,6
2894,56
2895,13
2896,0
2897,9
2898,6
2899,49
2900,9
2901,2
2902,5
2903,17
2904,40
2905,1
2906,17
2907,0
2908,10
2909,72
2910,5
2911,11
2912,14
2913,54
2914,5
2915,9
2916,0
2917,63
2918,4
2919,8
2920,13
2921,18
2922,6
2923,25
2924,1
2925,5
2926,4
2927,8
2928,8
2929,16
2930,9
2931,9
2932,0
2933,64
2934,27
2935,18
2936,14
2937,4
2938,9
2939,15
2940,10
2941,63
2942,16
2943,3
2944,13
2945,8
2946,0
2947,6
2948,11
2949,0
2950,40
2951,13
2952,28
2953,7
2954,14
2955,0
2956,5
2957,4
2958,13
2959,0
2960,10
2961,15
2962,9
2963,0
2964,4
2965,8
2966,9
2967,9
2968,14
2969,9
2970,7
2971,8
2972,35
2973,35
2974,28
2975,25
2976,21
2977,6
2978,4
2979,18
2980,9
2981,1
2982,0
2983,16
2984,72
2985,2
2986,56
2987,6
2988,72
2989,8
2990,3
2991,72
2992,7
2993,8
2994,10
2995,32
2996,81
2997,81
2998,14
2999,11
3000,5
3001,30
3002,45
3003,10
3004,0
3005,0
3006,6
3007,54
3008,25
3009,36
3010,0
3011,12
3012,0
3013,7
3014,7
3015,0
3016,16
3017,0
3018,42
3019,0
3020,11
3021,13
3022,0
3023,0
3024,5
3025,13
3026,5
3027,45
3028,5
3029,1
3030,5
3031,7
3032,7
3033,0
3034,12
3035,13
3036,12
3037,5
3038,0
3039,63
3040,11
3041,9
3042,16
3043,0
3044,12
3045,3
3046,0
3047,24
3048,0
3049,0
3050,0
3051,56
3052,0
3053,0
3054,5
3055,54
3056,4
3057,32
3058,7
3059,17
3060,17
3061,48
3062,9
3063,9
3064,7
3065,28
3066,15
3067,11
3068,18
3069,24
3070,21
3071,16
3072,4
3073,16
3074,15
3075,10
3076,63
3077,63
3078,24
3079,11
3080,16
3081,54
3082,13
3083,0
3084,2
3085,12
3086,14
3087,16
3088,12
3089,7
3090,4
3091,0
3092,0
3093,7
3094,9
3095,8
3096,10
3097,15
3098,9
3099,16
3100,0
3101,12
3102,13
3103,14
3104,12
3105,0
3106,32
3107,35
3108,72
3109,6
3110,3
3111,5
3112,6
3113,0
3114,12
3115,81
3116,15
3117,6
3118,10
3119,28
3120,10
3121,12
3122,30
3123,1
3124,20
3125,0
3126,2
3127,13
3128,15
3129,12
3130,8
3131,18
3132,8
3133,8
3134,6
3135,12
3136,4
3137,28
3138,4
3139,8
3140,48
3141,10
3142,36
3143,0
3144,8
3145,7
3146,0
3147,10
3148,10
3149,0
3150,6
3151,81
3152,13
3153,10
3154,16
3155,6
3156,9
3157,0
3158,0
3159,5
3160,1
3161,14
3162,11
3163,5
3164,21
3165,21
3166,42
3167,18
3168,30
3169,9
3170,8
3171,0
3172,18
3173,7
3174,8
3175,72
3176,13
3177,12
3178,7
3179,8
3180,21
3181,11
3182,10
3183,0
3184,12
3185,4
3186,24
3187,0
3188,6
3189,27
3190,8
3191,12
3192,9
3193,9
3194,28
3195,0
3196,13
3197,3
3198,27
3199,5
3200,0
3201,3
3202,0
3203,63
3204,0
3205,49
3206,32
3207,12
3208,9
3209,3
3210,9
3211,9
3212,8
3213,14
3214,2
3215,36
3216,9
3217,0
3218,9
3219,10
3220,0
3221,35
3222,72
3223,0
3224,9
3225,0
3226,28
3227,21
3228,5
3229,0
3230,24
3231,4
3232,0
3233,24
3234,14
3235,21
3236,3
3237,1
3238,15
3239,28
3240,64
3241,0
3242,6
3243,24
3244,0
3245,36
3246,10
3247,0
3248,2
3249,10
3250,18
3251,7
3252,0
3253,27
3254,10
3255,6
3256,12
3257,16
3258,24
3259,7
3260,7
3261,11
3262,8
3263,12
3264,15
3265,30
3266,24
3267,8
3268,0
3269,7
3270,14
3271,1
3272,54
3273,14
3274,5
3275,20
3276,5
3277,11
3278,8
3279,7
3280,14
3281,10
3282,81
3283,11
3284,45
3285,18
3286,21
3287,4
3288,24
3289,0
3290,6
3291,10
3292,45
3293,3
3294,20
3295,14
3296,42
3297,0
3298,21
3299,3
3300,6
3301,8
3302,24
3303,7
3304,42
3305,18
3306,0
3307,2
3308,0
3309,48
3310,63
3311,0
3312,0
3313,35
3314,8
3315,12
3316,36
3317,48
3318,10
3319,4
3320,12
3321,6
3322,5
3323,18
3324,4
3325,17
3326,21
3327,0
3328,4
3329,0
3330,15
3331,0
3332,5
3333,18
3334,0
3335,35
3336,10
3337,7
3338,10
3339,5
3340,4
3341,0
3342,54
3343,0
3344,12
3345,9
3346,4
3347,20
3348,24
3349,0
3350,0
3351,5
3352,9
3353,7
3354,32
3355,8
3356,4
3357,9
3358,8
3359,10
3360,0
3361,32
3362,9
3363,14
3364,0
3365,8
3366,56
3367,8
3368,2
3369,5
3370,10
3371,4
3372,0
3373,12
3374,36
3375,42
3376,0
3377,6
3378,0
3379,9
3380,8
3381,0
3382,14
3383,72
3384,0
3385,18
3386,6
3387,54
3388,14
3389,11
3390,7
3391,36
3392,0
3393,11
3394,5
3395,54
3396,2
3397,4
3398,13
3399,15
3400,63
3401,18
3402,15
3403,12
3404,15
3405,7
3406,10
3407,0
3408,0
3409,8
3410,0
3411,9
3412,3
3413,9
3414,4
3415,6
3416,36
3417,8
3418,21
3419,9
3420,14
3421,16
3422,49
3423,9
3424,7
3425,81
3426,3
3427,14
3428,8
3429,42
3430,35
3431,72
3432,8
3433,0
3434,5
3435,28
3436,0
3437,6
3438,9
3439,81
3440,10
3441,81
3442,9
3443,10
3444,63
3445,72
3446,11
3447,18
3448,24
3449,18
3450,8
3451,1
3452,0
3453,8
3454,9
3455,14
3456,1
3457,0
3458,1
3459,3
3460,24
3461,20
3462,8
3463,0
3464,6
3465,6
3466,56
3467,4
3468,28
3469,6
3470,15
3471,18
3472,4
3473,4
3474,0
3475,18
3476,11
3477,36
3478,5
3479,0
3480,18
3481,81
3482,4
3483,25
3484,13
3485,9
3486,6
3487,49
3488,2
3489,4
3490,16
3491,1
3492,48
3493,20
3494,6
3495,32
3496,12
3497,0
3498,56
3499,63
3500,9
3501,1
3502,25
3503,14
3504,10
3505,14
3506,7
3507,36
3508,0
3509,7
3510,8
3511,8
3512,4
3513,13
3514,7
3515,15
3516,30
3517,0
3518,12
3519,10
3520,35
3521,5
3522,9
3523,63
3524,8
3525,0
3526,18
3527,5
3528,45
3529,4
3530,9
3531,24
3532,8
3533,10
3534,54
3535,54
3536,24
3537,6
3538,30
3539,11
3540,12
3541,4
3542,1
3543,36
3544,20
3545,0
3546,11
3547,9
3548,42
3549,5
3550,24
3551,0
3552,18
3553,11
3554,12
3555,12
3556,14
3557,4
3558,0
3559,28
3560,14
3561,8
3562,13
3563,15
3564,8
3565,32
3566,54
3567,35
3568,3
3569,0
3570,7
3571,0
3572,0
3573,9
3574,40
3575,9
3576,7
3577,6
3578,21
3579,0
3580,5
3581,1
3582,21
3583,7
3584,0
3585,0
3586,12
3587,24
3588,12
3589,27
3590,0
3591,27
3592,0
3593,36
3594,13
3595,0
3596,11
3597,10
3598,27
3599,3
3600,3
3601,3
3602,18
3603,18
3604,15
3605,9
3606,0
3607,15
3608,2
3609,6
3610,0
3611,6
3612,13
3613,15
3614,7
3615,15
3616,72
3617,9
3618,6
3619,36
3620,8
3621,0
3622,2
3623,11
3624,15
3625,3
3626,4
3627,9
3628,56
3629,35
3630,36
3631,0
3632,8
3633,18
3634,14
3635,4
3636,0
3637,5
3638,9
3639,6
3640,0
3641,0
3642,7
3643,3
3644,36
3645,32
3646,30
3647,0
3648,27
3649,18
3650,15
3651,7
3652,5
3653,9
3654,0
3655,9
3656,15
3657,0
3658,0
3659,16
3660,11
3661,11
3662,16
3663,11
3664,6
3665,11
3666,6
3667,16
3668,12
3669,0
3670,10
3671,10
3672,10
3673,24
3674,2
3675,0
3676,9
3677,9
3678,6
3679,56
3680,16
3681,35
3682,6
3683,40
3684,6
3685,0
3686,7
3687,16
3688,13
3689,14
3690,12
3691,0
3692,30
3693,11
3694,12
3695,12
3696,9
3697,0
3698,10
3699,5
3700,32
3701,0
3702,0
3703,30
3704,7
3705,8
3706,7
3707,4
3708,30
3709,14
3710,24
3711,12
3712,7
3713,2
3714,8
3715,3
3716,15
3717,8
3718,6
3719,13
3720,16
3721,8
3722,0
3723,18
3724,7
3725,8
3726,9
3727,5
3728,11
3729,0
3730,42
3731,13
3732,7
3733,20
3734,32
3735,12
3736,20
3737,13
3738,12
3739,5
3740,12
3741,0
3742,24
3743,45
3744,18
3745,14
3746,40
3747,9
3748,24
3749,9
3750,21
3751,0
3752,9
3753,11
3754,13
3755,14
3756,10
3757,16
3758,8
3759,4
3760,5
3761,7
3762,10
3763,13
3764,10
3765,10
3766,15
3767,7
3768,27
3769,9
3770,1
3771,7
3772,0
3773,8
3774,9
3775,24
3776,0
3777,64
3778,12
3779,27
3780,14
3781,10
3782,7
3783,14
3784,10
3785,0
3786,9
3787,0
3788,0
3789,32
3790,32
3791,14
3792,6
3793,14
3794,10
3795,0
3796,16
3797,13
3798,6
3799,14
3800,1
3801,10
3802,18
3803,8
3804,63
3805,42
3806,10
3807,0
3808,4
3809,1
3810,12
3811,0
3812,63
3813,30
3814,8
3815,0
3816,17
3817,0
3818,6
3819,9
3820,6
3821,5
3822,72
3823,9
3824,14
3825,14
3826,4
3827,11
3828,5
3829,28
3830,40
3831,18
3832,36
3833,7
3834,13
3835,10
3836,4
3837,0
3838,11
3839,5
3840,6
3841,3
3842,9
3843,0
3844,11
3845,16
3846,4
3847,0
3848,4
3849,9
3850,16
3851,10
3852,15
3853,11
3854,5
3855,11
3856,15
3857,11
3858,0
3859,45
3860,11
3861,12
3862,12
3863,10
3864,7
3865,4
3866,6
3867,63
3868,8
3869,21
3870,14
3871,4
3872,3
3873,3
3874,2
3875,15
3876,18
3877,24
3878,2
3879,14
3880,13
3881,10
3882,4
3883,28
3884,7
3885,12
3886,8
3887,18
3888,9
3889,64
3890,16
3891,9
3892,0
3893,3
3894,4
3895,10
3896,32
3897,12
3898,27
3899,0
3900,49
3901,11
3902,0
3903,8
3904,14
3905,8
3906,0
3907,4
3908,0
3909,18
3910,9
3911,11
3912,81
3913,11
3914,9
3915,12
3916,63
3917,8
3918,6
3919,11
3920,12
3921,10
3922,6
3923,8
3924,16
3925,15
3926,10
3927,3
3928,8
3929,2
3930,12
3931,8
3932,5
3933,6
3934,6
3935,24
3936,9
3937,7
3938,13
3939,18
3940,63
3941,17
3942,8
3943,12
3944,35
3945,3
3946,11
3947,72
3948,32
3949,24
3950,2
3951,6
3952,11
3953,7
3954,40
3955,40
3956,3
3957,10
3958,0
3959,7
3960,1
3961,12
3962,0
3963,12
3964,4
3965,0
3966,18
3967,11
3968,13
3969,10
3970,72
3971,14
3972,12
3973,8
3974,12
3975,24
3976,54
3977,24
3978,14
3979,6
3980,24
3981,0
3982,11
3983,12
3984,9
3985,13
3986,5
3987,9
3988,10
3989,56
3990,0
3991,3
3992,0
3993,15
3994,6
3995,18
3996,12
3997,24
3998,16
3999,0
4000,6
4001,11
4002,4
4003,18
4004,7
4005,1
4006,11
4007,3
4008,10
4009,24
4010,28
4011,9
4012,9
4013,4
4014,8
4015,16
4016,16
4017,24
4018,6
4019,28
4020,16
4021,18
4022,1
4023,9
4024,0
4025,9
4026,12
4027,11
4028,0
4029,13
4030,7
4031,10
4032,0
4033,12
4034,4
4035,0
4036,8
4037,8
4038,27
4039,8
4040,54
4041,10
4042,6
4043,13
4044,15
4045,8
4046,1
4047,6
4048,13
4049,8
4050,32
4051,8
4052,28
4053,0
4054,0
4055,35
4056,0
4057,35
4058,17
4059,28
4060,32
4061,6
4062,30
4063,0
4064,0
4065,24
4066,0
4067,36
4068,16
4069,7
4070,7
4071,16
4072,12
4073,32
4074,12
4075,13
4076,12
4077,6
4078,8
4079,2
4080,21
4081,5
4082,64
4083,12
4084,0
4085,42
4086,2
4087,13
4088,9
4089,18
4090,3
4091,28
4092,9
4093,3
4094,13
4095,56
4096,3
4097,2
4098,0
4099,40
4100,4
4101,4
4102,0
4103,0
4104,0
4105,8
4106,42
4107,32
4108,45
4109,28
4110,13
4111,3
4112,16
4113,2
4114,28
4115,8
4116,7
4117,12
4118,36
4119,10
4120,8
4121,18
4122,0
4123,48
4124,25
4125,17
4126,9
4127,11
4128,32
4129,56
4130,72
4131,15
4132,7
4133,56
4134,8
4135,30
4136,21
4137,20
4138,14
4139,9
4140,9
4141,35
4142,7
4143,5
4144,3
4145,1
4146,0
4147,7
4148,7
4149,24
4150,3
4151,16
4152,0
4153,48
4154,3
4155,30
4156,5
4157,72
4158,17
4159,54
4160,0
4161,5
4162,16
4163,10
4164,14
4165,0
4166,0
4167,0
4168,11
4169,0
4170,20
4171,28
4172,13
4173,9
4174,8
4175,64
4176,7
4177,14
4178,0
4179,24
4180,10
4181,45
4182,3
4183,15
4184,0
4185,0
4186,1
4187,6
4188,6
4189,12
4190,27
4191,0
4192,1
4193,8
4194,15
4195,36
4196,0
4197,3
4198,4
4199,3
4200,6
4201,9
4202,7
4203,14
4204,13
4205,6
4206,15
4207,12
4208,12
4209,64
4210,2
4211,0
4212,9
4213,54
4214,9
4215,7
4216,42
4217,9
4218,63
4219,11
4220,8
4221,27
4222,3
4223,12
4224,2
4225,40
4226,12
4227,3
4228,40
4229,6
4230,0
4231,4
4232,72
4233,16
4234,6
4235,24
4236,8
4237,72
4238,9
4239,0
4240,9
4241,13
4242,6
4243,4
4244,0
4245,18
4246,4
4247,15
4248,0
4249,63
4250,9
4251,7
4252,4
4253,2
4254,9
4255,0
4256,3
4257,9
4258,45
4259,9
4260,7
4261,21
4262,2
4263,8
4264,18
4265,11
4266,8
4267,12
4268,8
4269,6
4270,9
4271,18
4272,8
4273,32
4274,0
4275,14
4276,0
4277,0
4278,14
4279,54
4280,4
4281,12
4282,0
4283,0
4284,20
4285,7
4286,14
4287,56
4288,7
4289,11
4290,0
4291,0
4292,1
4293,6
4294,9
4295,8
4296,8
4297,40
4298,6
4299,27
4300,0
4301,9
4302,10
4303,7
4304,8
4305,12
4306,11
4307,6
4308,35
4309,8
4310,0
4311,0
4312,9
4313,8
4314,7
4315,5
4316,0
4317,63
4318,0
4319,13
4320,10
4321,11
4322,0
4323,5
4324,15
4325,7
4326,9
4327,0
4328,4
4329,14
4330,40
4331,64
4332,56
4333,63
4334,0
4335,24
4336,9
4337,15
4338,12
4339,11
4340,7
4341,9
4342,9
4343,24
4344,8
4345,0
4346,0
4347,3
4348,0
4349,6
4350,10
4351,36
4352,3
4353,18
4354,10
4355,7
4356,11
4357,10
4358,0
4359,7
4360,12
4361,7
4362,54
4363,16
4364,18
4365,14
4366,64
4367,10
4368,6
4369,24
4370,42
4371,18
4372,28
4373,0
4374,16
4375,16
4376,8
4377,0
4378,9
4379,12
4380,21
4381,16
4382,9
4383,81
4384,27
4385,6
4386,9
4387,6
4388,5
4389,15
4390,48
4391,8
4392,7
4393,12
4394,7
4395,64
4396,56
4397,16
4398,18
4399,45
4400,54
4401,6
4402,4
4403,11
4404,6
4405,18
4406,0
4407,18
4408,16
4409,0
4410,9
4411,0
4412,72
4413,9
4414,7
4415,0
4416,4
4417,8
4418,40
4419,12
4420,0
4421,9
4422,42
4423,21
4424,24
4425,2
4426,35
4427,2
4428,6
4429,32
4430,5
4431,2
4432,6
4433,8
4434,18
4435,24
4436,20
4437,40
4438,14
4439,12
4440,6
4441,0
4442,8
4443,15
4444,13
4445,8
4446,6
4447,11
4448,0
4449,6
4450,64
4451,0
4452,6
4453,8
4454,4
4455,12
4456,64
4457,6
4458,42
4459,1
4460,0
4461,7
4462,6
4463,9
4464,16
4465,0
4466,0
4467,15
4468,6
4469,6
4470,30
4471,2
4472,81
4473,45
4474,4
4475,14
4476,9
4477,12
4478,0
4479,13
4480,7
4481,6
4482,5
4483,9
4484,6
4485,0
4486,0
4487,7
4488,12
4489,6
4490,24
4491,6
4492,8
4493,4
4494,20
4495,0
4496,0
4497,14
4498,2
4499,27
4500,16
4501,12
4502,6
4503,42
4504,8
4505,40
4506,25
4507,0
4508,1
4509,40
4510,12
4511,12
4512,13
4513,6
4514,5
4515,8
4516,12
4517,40
4518,11
4519,10
4520,0
4521,1
4522,5
4523,64
4524,24
4525,12
4526,0
4527,2
4528,9
4529,3
4530,7
4531,13
4532,0
4533,13
4534,7
4535,12
4536,21
4537,20
4538,63
4539,42
4540,28
4541,11
4542,0
4543,4
4544,0
4545,9
4546,0
4547,14
4548,10
4549,11
4550,12
4551,35
4552,24
4553,24
4554,8
4555,7
4556,3
4557,9
4558,13
4559,10
4560,11
4561,7
4562,0
4563,0
4564,2
4565,24
4566,9
4567,54
4568,8
4569,18
4570,72
4571,12
4572,81
4573,16
4574,40
4575,63
4576,4
4577,3
4578,8
4579,42
4580,8
4581,3
4582,16
4583,8
4584,3
4585,3
4586,0
4587,8
4588,10
4589,0
4590,15
4591,9
4592,11
4593,32
4594,3
4595,2
4596,9
4597,8
4598,0
4599,56
4600,72
4601,9
4602,21
4603,6
4604,12
4605,24
4606,12
4607,12
4608,14
4609,0
4610,36
4611,4
4612,2
4613,16
4614,12
4615,63
4616,7
4617,0
4618,5
4619,0
4620,4
4621,18
4622,0
4623,5
4624,81
4625,42
4626,2
4627,13
4628,7
4629,0
4630,12
4631,0
4632,5
4633,24
4634,40
4635,12
4636,20
4637,18
4638,0
4639,35
4640,12
4641,2
4642,15
4643,0
4644,4
4645,11
4646,16
4647,0
4648,9
4649,32
4650,4
4651,12
4652,3
4653,0
4654,4
4655,8
4656,6
4657,54
4658,9
4659,4
4660,0
4661,4
4662,2
4663,16
4664,8
4665,9
4666,7
4667,10
4668,0
4669,18
4670,13
4671,4
4672,11
4673,36
4674,12
4675,11
4676,5
4677,24
4678,12
4679,49
4680,7
4681,6
4682,32
4683,12
4684,9
4685,0
4686,5
4687,2
4688,0
4689,24
4690,0
4691,9
4692,21
4693,16
4694,18
4695,24
4696,35
4697,10
4698,7
4699,6
4700,10
4701,7
4702,13
4703,0
4704,63
4705,5
4706,35
4707,12
4708,8
4709,45
4710,11
4711,27
4712,11
4713,32
4714,8
4715,40
4716,1
4717,6
4718,24
4719,13
4720,6
4721,0
4722,24
4723,4
4724,5
4725,13
4726,6
4727,7
4728,11
4729,14
4730,10
4731,27
4732,20
4733,15
4734,3
4735,8
4736,48
4737,4
4738,6
4739,36
4740,8
4741,12
4742,8
4743,63
4744,72
4745,0
4746,10
4747,5
4748,10
4749,24
4750,10
4751,42
4752,56
4753,10
4754,14
4755,54
4756,8
4757,14
4758,3
4759,9
4760,7
4761,30
4762,16
4763,48
4764,6
4765,24
4766,16
4767,18
4768,16
4769,9
4770,9
4771,5
4772,0
4773,6
4774,32
4775,12
4776,21
4777,0
4778,8
4779,1
4780,16
4781,49
4782,40
4783,12
4784,6
4785,0
4786,9
4787,40
4788,9
4789,24
4790,3
4791,8
4792,0
4793,9
4794,4
4795,16
4796,72
4797,48
4798,5
4799,6
4800,1
4801,12
4802,9
4803,17
4804,11
4805,16
4806,9
4807,35
4808,16
4809,24
4810,28
4811,12
4812,13
4813,18
4814,30
4815,56
4816,0
4817,15
4818,36
4819,36
4820,7
4821,7
4822,2
4823,12
4824,36
4825,2
4826,0
4827,1
4828,6
4829,9
4830,16
4831,11
4832,14
4833,4
4834,9
4835,48
4836,14
4837,64
4838,0
4839,3
4840,16
4841,24
4842,8
4843,18
4844,10
4845,8
4846,4
4847,0
4848,12
4849,14
4850,9
4851,3
4852,49
4853,81
4854,2
4855,12
4856,10
4857,0
4858,3
4859,4
4860,8
4861,9
4862,3
4863,2
4864,0
4865,27
4866,10
4867,5
4868,10
4869,6
4870,18
4871,0
4872,6
4873,7
4874,10
4875,7
4876,3
4877,14
4878,7
4879,0
4880,42
4881,7
4882,12
4883,64
4884,9
4885,18
4886,48
4887,63
4888,12
4889,24
4890,12
4891,11
4892,72
4893,12
4894,9
4895,10
4896,32
4897,3
4898,1
4899,56
4900,14
4901,8
4902,6
4903,13
4904,11
4905,72
4906,0
4907,25
4908,10
4909,63
4910,15
4911,10
4912,7
4913,3
4914,21
4915,17
4916,8
4917,18
4918,0
4919,6
4920,17
4921,11
4922,16
4923,15
4924,12
4925,45
4926,0
4927,12
4928,3
4929,7
4930,4
4931,10
4932,0
4933,2
4934,6
4935,15
4936,8
4937,17
4938,10
4939,11
4940,3
4941,6
4942,15
4943,42
4944,36
4945,7
4946,17
4947,4
4948,14
4949,54
4950,54
4951,27
4952,6
4953,6
4954,3
4955,40
4956,45
4957,8
4958,9
4959,9
4960,15
4961,18
4962,12
4963,56
4964,10
4965,3
4966,64
4967,6
4968,16
4969,12
4970,12
4971,18
4972,45
4973,11
4974,32
4975,2
4976,9
4977,7
4978,1
4979,16
4980,4
4981,10
4982,3
4983,2
4984,9
4985,42
4986,42
4987,0
4988,30
4989,36
4990,5
4991,0
4992,5
4993,12
4994,13
4995,13
4996,2
4997,54
4998,25
4999,3
5000,18
5001,28
5002,5
5003,35
5004,32
5005,30
5006,3
5007,4
5008,18
5009,10
5010,0
5011,54
5012,40
5013,3
5014,12
5015,9
5016,0
5017,15
5018,4
5019,0
5020,0
5021,12
5022,10
5023,6
5024,3
5025,2
5026,7
5027,8
5028,10
5029,45
5030,16
5031,14
5032,28
5033,24
5034,9
5035,72
5036,20
5037,3
5038,0
5039,1
5040,9
5041,30
5042,7
5043,28
5044,28
5045,12
5046,15
5047,15
5048,15
5049,0
5050,56
5051,0
5052,13
5053,0
5054,6
5055,7
5056,15
5057,10
5058,6
5059,6
5060,8
5061,8
5062,5
5063,15
5064,8
5065,6
5066,9
5067,0
5068,2
5069,0
5070,9
5071,12
5072,28
5073,17
5074,7
5075,2
5076,24
5077,8
5078,10
5079,8
5080,13
5081,36
5082,56
5083,64
5084,5
5085,18
5086,72
5087,10
5088,10
5089,0
5090,35
5091,13
5092,5
5093,11
5094,72
5095,0
5096,3
5097,3
5098,9
5099,6
5100,6
5101,8
5102,21
5103,30
5104,0
5105,11
5106,14
5107,5
5108,17
5109,54
5110,0
5111,16
5112,12
5113,8
5114,7
5115,36
5116,40
5117,6
5118,0
5119,54
5120,35
5121,16
5122,14
5123,12
5124,14
5125,7
5126,6
5127,4
5128,9
5129,35
5130,6
5131,14
5132,27
5133,8
5134,7
5135,11
5136,0
5137,30
5138,27
5139,72
5140,4
5141,25
5142,15
5143,9
5144,4
5145,12
5146,6
5147,2
5148,14
5149,9
5150,2
5151,20
5152,5
5153,12
5154,0
5155,9
5156,0
5157,7
5158,11
5159,10
5160,0
5161,20
5162,35
5163,4
5164,40
5165,12
5166,0
5167,15
5168,56
5169,56
5170,35
5171,2
5172,42
5173,4
5174,2
5175,0
5176,2
5177,16
5178,14
5179,8
5180,72
5181,13
5182,56
5183,8
5184,56
5185,9
5186,10
5187,10
5188,54
5189,4
5190,72
5191,12
5192,2
5193,7
5194,10
5195,56
5196,24
5197,40
5198,3
5199,9
5200,10
5201,5
5202,0
5203,10
5204,8
5205,3
5206,6
5207,8
5208,13
5209,8
5210,36
5211,0
5212,6
5213,10
5214,13
5215,0
5216,8
5217,64
5218,2
5219,4
5220,48
5221,0
5222,24
5223,54
5224,8
5225,42
5226,16
5227,0
5228,3
5229,81
5230,72
5231,1
5232,2
5233,7
5234,0
5235,11
5236,7
5237,4
5238,0
5239,63
5240,20
5241,12
5242,5
5243,10
5244,9
5245,12
5246,28
5247,13
5248,36
5249,6
5250,8
5251,11
5252,0
5253,64
5254,8
5255,5
5256,18
5257,8
5258,35
5259,5
5260,5
5261,0
5262,6
5263,13
5264,9
5265,42
5266,7
5267,56
5268,81
5269,10
5270,9
5271,4
5272,8
5273,3
5274,72
5275,20
5276,18
5277,24
5278,17
5279,7
5280,14
5281,13
5282,4
5283,12
5284,14
5285,8
5286,3
5287,36
5288,7
5289,42
5290,21
5291,16
5292,14
5293,9
5294,21
5295,15
5296,36
5297,0
5298,14
5299,14
5300,12
5301,12
5302,6
5303,3
5304,8
5305,1
5306,18
5307,1
5308,0
5309,18
5310,8
5311,7
5312,0
5313,1
5314,7
5315,0
5316,16
5317,7
5318,9
5319,0
5320,24
5321,2
5322,18
5323,0
5324,11
5325,56
5326,3
5327,36
5328,10
5329,0
5330,54
5331,4
5332,5
5333,42
5334,14
5335,9
5336,0
5337,12
5338,6
5339,0
5340,3
5341,6
5342,63
5343,9
5344,0
5345,32
5346,2
5347,54
5348,12
5349,16
5350,5
5351,8
5352,6
5353,6
5354,5
5355,6
5356,20
5357,40
5358,6
5359,24
5360,72
5361,27
5362,12
5363,18
5364,6
5365,0
5366,21
5367,0
5368,12
5369,0
5370,1
5371,6
5372,7
5373,30
5374,13
5375,14
5376,54
5377,5
5378,3
5379,10
5380,8
5381,6
5382,63
5383,40
5384,4
5385,27
5386,9
5387,0
5388,6
5389,5
5390,28
5391,2
5392,4
5393,12
5394,40
5395,11
5396,3
5397,63
5398,42
5399,3
5400,5
5401,11
5402,3
5403,16
5404,3
5405,54
5406,8
5407,12
5408,16
5409,24
5410,14
5411,8
5412,11
5413,16
5414,0
5415,1
5416,3
5417,15
5418,5
5419,56
5420,25
5421,28
5422,64
5423,16
5424,42
5425,24
5426,0
5427,2
5428,24
5429,6
5430,12
5431,11
5432,8
5433,6
5434,17
5435,42
5436,11
5437,12
5438,18
5439,48
5440,6
5441,0
5442,15
5443,12
5444,64
5445,12
5446,35
5447,6
5448,14
5449,12
5450,13
5451,3
5452,63
5453,14
5454,12
5455,5
5456,6
5457,10
5458,10
5459,35
5460,6
5461,24
5462,0
5463,0
5464,45
5465,0
5466,10
5467,5
5468,11
5469,25
5470,72
5471,48
5472,42
5473,49
5474,3
5475,15
5476,7
5477,35
5478,10
5479,36
5480,35
5481,13
5482,12
5483,10
5484,0
5485,0
5486,63
5487,0
5488,64
5489,8
5490,63
5491,4
5492,27
5493,6
5494,9
5495,2
5496,8
5497,8
5498,30
5499,7
5500,2
5501,15
5502,0
5503,0
5504,5
5505,5
5506,16
5507,0
5508,9
5509,6
5510,14
5511,25
5512,32
5513,0
5514,4
5515,24
5516,72
5517,10
5518,18
5519,13
5520,24
5521,25
5522,13
5523,6
5524,11
5525,8
5526,72
5527,12
5528,20
5529,8
5530,20
5531,5
5532,40
5533,0
5534,8
5535,11
5536,4
5537,11
5538,45
5539,3
5540,10
5541,11
5542,6
5543,2
5544,16
5545,0
5546,48
5547,7
5548,9
5549,7
5550,0
5551,7
5552,15
5553,63
5554,4
5555,42
5556,5
5557,2
5558,7
5559,10
5560,0
5561,8
5562,10
5563,0
5564,4
5565,4
5566,8
5567,9
5568,10
5569,20
5570,63
5571,48
5572,17
5573,0
5574,21
5575,5
5576,2
5577,0
5578,10
5579,0
5580,4
5581,6
5582,8
5583,24
5584,0
5585,8
5586,0
5587,12
5588,8
5589,0
5590,40
5591,11
5592,63
5593,8
5594,0
5595,12
5596,20
5597,3
5598,16
5599,9
5600,0
5601,10
5602,20
5603,4
5604,14
5605,72
5606,72
5607,4
5608,30
5609,14
5610,24
5611,9
5612,40
5613,8
5614,36
5615,0
5616,9
5617,8
5618,32
5619,40
5620,0
5621,2
5622,7
5623,36
5624,24
5625,0
5626,72
5627,24
5628,12
5629,7
5630,14
5631,8
5632,48
5633,63
5634,40
5635,0
5636,12
5637,72
5638,20
5639,16
5640,4
5641,13
5642,4
5643,27
5644,6
5645,36
5646,0
5647,10
5648,9
5649,27
5650,9
5651,0
5652,40
5653,40
5654,4
5655,0
5656,12
5657,12
5658,7
5659,36
5660,21
5661,0
5662,8
5663,0
5664,24
5665,24
5666,4
5667,15
5668,0
5669,0
5670,18
5671,7
5672,9
5673,16
5674,13
5675,54
5676,5
5677,7
5678,10
5679,36
5680,6
5681,12
5682,12
5683,14
5684,3
5685,5
5686,12
5687,8
5688,0
5689,0
5690,2
5691,0
5692,0
5693,5
5694,0
5695,11
5696,28
5697,0
5698,4
5699,30
5700,10
5701,45
5702,0
5703,3
5704,9
5705,7
5706,3
5707,11
5708,5
5709,6
5710,40
5711,1
5712,12
5713,5
5714,10
5715,24
5716,9
5717,17
5718,9
5719,20
5720,13
5721,20
5722,14
5723,72
5724,7
5725,10
5726,24
5727,10
5728,42
5729,8
5730,54
5731,28
5732,48
5733,9
5734,27
5735,9
5736,0
5737,18
5738,9
5739,6
5740,13
5741,15
5742,27
5743,10
5744,10
5745,40
5746,40
5747,15
5748,12
5749,9
5750,5
5751,0
5752,10
5753,5
5754,20
5755,0
5756,2
5757,24
5758,18
5759,24
5760,15
5761,12
5762,30
5763,3
5764,12
5765,24
5766,13
5767,6
5768,36
5769,0
5770,12
5771,36
5772,0
5773,72
5774,0
5775,12
5776,27
5777,35
5778,10
5779,0
5780,10
5781,36
5782,6
5783,15
5784,4
5785,0
5786,4
5787,6
5788,6
5789,0
5790,32
5791,13
5792,54
5793,7
5794,11
5795,0
5796,9
5797,18
5798,27
5799,32
5800,12
5801,0
5802,24
5803,0
5804,18
5805,6
5806,40
5807,54
5808,7
5809,0
5810,7
5811,7
5812,12
5813,14
5814,16
5815,16
5816,6
5817,0
5818,12
5819,5
5820,7
5821,4
5822,48
5823,14
5824,21
5825,36
5826,10
5827,0
5828,6
5829,7
5830,4
5831,10
5832,30
5833,27
5834,42
5835,54
5836,12
5837,48
5838,36
5839,4
5840,14
5841,5
5842,7
5843,40
5844,9
5845,9
5846,24
5847,8
5848,8
5849,0
5850,18
5851,3
5852,10
5853,12
5854,12
5855,4
5856,12
5857,15
5858,9
5859,15
5860,0
5861,13
5862,11
5863,0
5864,0
5865,4
5866,48
5867,9
5868,16
5869,8
5870,18
5871,15
5872,1
5873,4
5874,2
5875,14
5876,72
5877,0
5878,36
5879,2
5880,35
5881,10
5882,5
5883,24
5884,6
5885,3
5886,10
5887,8
5888,40
5889,4
5890,15
5891,4
5892,3
5893,6
5894,48
5895,8
5896,13
5897,8
5898,35
5899,0
5900,11
5901,10
5902,11
5903,7
5904,48
5905,3
5906,32
5907,30
5908,0
5909,0
5910,9
5911,14
5912,48
5913,64
5914,8
5915,0
5916,9
5917,24
5918,15
5919,30
5920,56
5921,8
5922,0
5923,4
5924,12
5925,8
5926,13
5927,10
5928,15
5929,42
5930,24
5931,5
5932,16
5933,5
5934,11
5935,6
5936,28
5937,2
5938,0
5939,2
5940,15
5941,20
5942,7
5943,27
5944,8
5945,16
5946,9
5947,8
5948,13
5949,12
5950,1
5951,6
5952,0
5953,6
5954,3
5955,5
5956,0
5957,40
5958,0
5959,10
5960,3
5961,7
5962,13
5963,0
5964,12
5965,15
5966,42
5967,10
5968,9
5969,27
5970,0
5971,6
5972,14
5973,12
5974,1
5975,0
5976,1
5977,11
5978,49
5979,45
5980,4
5981,63
5982,14
5983,16
5984,64
5985,4
5986,12
5987,9
5988,54
5989,24
5990,63
5991,54
5992,8
5993,12
5994,54
5995,21
5996,56
5997,8
5998,9
5999,14
6000,9
6001,0
6002,11
6003,0
6004,0
6005,40
6006,10
6007,0
6008,4
6009,40
6010,13
6011,32
6012,14
6013,7
6014,5
6015,0
6016,36
6017,72
6018,3
6019,4
6020,6
6021,13
6022,13
6023,6
6024,11
6025,10
6026,8
6027,14
6028,12
6029,35
6030,0
6031,0
6032,54
6033,3
6034,8
6035,25
6036,7
6037,4
6038,8
6039,4
6040,11
6041,11
6042,16
6043,11
6044,0
6045,6
6046,9
6047,3
6048,13
6049,8
6050,8
6051,10
6052,10
6053,0
6054,72
6055,11
6056,8
6057,24
6058,12
6059,1
6060,9
6061,7
6062,9
6063,18
6064,10
6065,6
6066,6
6067,81
6068,2
6069,8
6070,5
6071,21
6072,18
6073,0
6074,64
6075,12
6076,6
6077,11
6078,0
6079,1
6080,54
6081,11
6082,8
6083,0
6084,32
6085,32
6086,63
6087,56
6088,11
6089,12
6090,45
6091,24
6092,9
6093,36
6094,3
6095,3
6096,10
6097,15
6098,10
6099,12
6100,4
6101,6
6102,72
6103,54
6104,13
6105,0
6106,2
6107,17
6108,0
6109,9
6110,8
6111,54
6112,20
6113,6
6114,15
6115,2
6116,30
6117,10
6118,45
6119,28
6120,72
6121,18
6122,12
6123,7
6124,12
6125,14
6126,32
6127,49
6128,6
6129,4
6130,21
6131,6
6132,7
6133,13
6134,16
6135,18
6136,0
6137,10
6138,0
6139,10
6140,21
6141,12
6142,10
6143,42
6144,12
6145,8
6146,7
6147,4
6148,54
6149,8
6150,35
6151,8
6152,8
6153,7
6154,0
6155,18
6156,15
6157,14
6158,20
6159,48
6160,72
6161,36
6162,36
6163,13
6164,10
6165,0
6166,14
6167,8
6168,9
6169,18
6170,0
6171,40
6172,10
6173,4
6174,7
6175,3
6176,9
6177,6
6178,8
6179,0
6180,13
6181,12
6182,72
6183,16
6184,8
6185,5
6186,15
6187,32
6188,63
6189,54
6190,5
6191,56
6192,15
6193,0
6194,0
6195,1
6196,5
6197,72
6198,20
6199,9
6200,4
6201,11
6202,14
6203,12
6204,0
6205,10
6206,0
6207,7
6208,2
6209,3
6210,32
6211,11
6212,12
6213,25
6214,8
6215,5
6216,7
6217,11
6218,6
6219,63
6220,9
6221,56
6222,0
6223,0
6224,7
6225,2
6226,10
6227,16
6228,0
6229,11
6230,0
6231,27
6232,6
6233,3
6234,4
6235,32
6236,10
6237,35
6238,6
6239,6
6240,27
6241,2
6242,15
6243,0
6244,36
6245,13
6246,10
6247,0
6248,56
6249,7
6250,0
6251,0
6252,5
6253,64
6254,8
6255,16
6256,12
6257,8
6258,8
6259,6
6260,18
6261,8
6262,24
6263,40
6264,17
6265,18
6266,4
6267,6
6268,3
6269,5
6270,21
6271,9
6272,56
6273,8
6274,21
6275,6
6276,2
6277,14
6278,8
6279,10
6280,9
6281,0
6282,12
6283,72
6284,10
6285,10
6286,20
6287,2
6288,13
6289,9
6290,16
6291,54
6292,11
6293,7
6294,12
6295,6
6296,11
6297,7
6298,14
6299,21
6300,10
6301,3
6302,12
6303,25
6304,24
6305,3
6306,17
6307,14
6308,9
6309,3
6310,35
6311,42
6312,7
6313,9
6314,8
6315,16
6316,5
6317,1
6318,8
6319,0
6320,5
6321,9
6322,2
6323,10
6324,28
6325,10
6326,48
6327,8
6328,15
6329,21
6330,0
6331,5
6332,5
6333,8
6334,20
6335,13
6336,2
6337,8
6338,10
6339,40
6340,72
6341,2
6342,9
6343,4
6344,4
6345,14
6346,2
6347,45
6348,3
6349,0
6350,24
6351,15
6352,6
6353,12
6354,16
6355,18
6356,9
6357,5
6358,48
6359,81
6360,0
6361,7
6362,7
6363,5
6364,9
6365,0
6366,7
6367,11
6368,8
6369,11
6370,5
6371,24
6372,4
6373,4
6374,0
6375,10
6376,0
6377,16
6378,64
6379,40
6380,18
6381,12
6382,7
6383,15
6384,0
6385,6
6386,0
6387,8
6388,10
6389,2
6390,9
6391,36
6392,0
6393,13
6394,0
6395,5
6396,9
6397,13
6398,0
6399,16
6400,6
6401,2
6402,9
6403,3
6404,6
6405,4
6406,49
6407,54
6408,10
6409,6
6410,27
6411,16
6412,12
6413,5
6414,56
6415,0
6416,9
6417,18
6418,14
6419,12
6420,0
6421,15
6422,10
6423,0
6424,64
6425,16
6426,72
6427,8
6428,4
6429,1
6430,12
6431,1
6432,0
6433,7
6434,12
6435,54
6436,14
6437,72
6438,9
6439,0
6440,12
6441,9
6442,18
6443,7
6444,24
6445,0
6446,3
6447,72
6448,36
6449,6
6450,48
6451,4
6452,4
6453,7
6454,12
6455,7
6456,18
6457,0
6458,72
6459,5
6460,63
6461,9
6462,21
6463,5
6464,0
6465,10
6466,48
6467,6
6468,10
6469,48
6470,6
6471,0
6472,6
6473,2
6474,6
6475,0
6476,3
6477,12
6478,14
6479,8
6480,0
6481,36
6482,9
6483,15
6484,6
6485,12
6486,4
6487,8
6488,28
6489,18
6490,20
6491,3
6492,42
6493,13
6494,36
6495,0
6496,12
6497,20
6498,11
6499,2
6500,49
6501,13
6502,9
6503,16
6504,36
6505,9
6506,56
6507,0
6508,15
6509,0
6510,8
6511,36
6512,8
6513,4
6514,12
6515,6
6516,40
6517,0
6518,35
6519,4
6520,6
6521,4
6522,0
6523,14
6524,4
6525,48
6526,5
6527,30
6528,4
6529,0
6530,14
6531,0
6532,7
6533,5
6534,12
6535,10
6536,14
6537,9
6538,45
6539,12
6540,48
6541,63
6542,2
6543,16
6544,28
6545,27
6546,8
6547,4
6548,0
6549,7
6550,0
6551,14
6552,10
6553,0
6554,32
6555,7
6556,7
6557,16
6558,15
6559,6
6560,0
6561,7
6562,0
6563,28
6564,28
6565,30
6566,9
6567,18
6568,0
6569,2
6570,13
6571,10
6572,9
6573,0
6574,8
6575,4
6576,40
6577,32
6578,0
6579,14
6580,3
6581,0
6582,30
6583,16
6584,3
6585,12
6586,9
6587,0
6588,12
6589,12
6590,35
6591,18
6592,12
6593,2
6594,30
6595,45
6596,49
6597,11
6598,40
6599,24
6600,8
6601,7
6602,4
6603,2
6604,7
6605,54
6606,42
6607,1
6608,3
6609,0
6610,11
6611,10
6612,25
6613,3
6614,15
6615,0
6616,0
6617,5
6618,45
6619,6
6620,24
6621,0
6622,2
6623,0
6624,0
6625,0
6626,36
6627,11
6628,3
6629,7
6630,56
6631,0
6632,6
6633,36
6634,4
6635,3
6636,27
6637,0
6638,6
6639,8
6640,12
6641,36
6642,14
6643,36
6644,9
6645,2
6646,27
6647,7
6648,21
6649,0
6650,6
6651,5
6652,8
6653,11
6654,6
6655,8
6656,21
6657,6
6658,7
6659,16
6660,5
6661,9
6662,18
6663,12
6664,6
6665,28
6666,36
6667,0
6668,32
6669,14
6670,63
6671,7
6672,13
6673,1
6674,12
6675,0
6676,10
6677,0
6678,64
6679,5
6680,11
6681,4
6682,4
6683,63
6684,0
6685,16
6686,12
6687,13
6688,8
6689,13
6690,0
6691,12
6692,8
6693,9
6694,2
6695,21
6696,28
6697,5
6698,21
6699,0
6700,7
6701,10
6702,0
6703,45
6704,9
6705,5
6706,14
6707,2
6708,0
6709,5
6710,0
6711,10
6712,12
6713,7
6714,14
6715,0
6716,11
6717,6
6718,2
6719,0
6720,15
6721,6
6722,4
6723,63
6724,2
6725,13
6726,3
6727,8
6728,0
6729,18
6730,18
6731,21
6732,25
6733,40
6734,10
6735,35
6736,9
6737,35
6738,18
6739,6
6740,54
6741,9
6742,20
6743,1
6744,18
6745,15
6746,0
6747,9
6748,14
6749,12
6750,8
6751,1
6752,12
6753,28
6754,5
6755,35
6756,5
6757,72
6758,0
6759,6
6760,5
6761,8
6762,25
6763,6
6764,48
6765,21
6766,9
6767,21
6768,36
6769,12
6770,15
6771,9
6772,8
6773,6
6774,0
6775,8
6776,9
6777,16
6778,20
6779,0
6780,20
6781,4
6782,24
6783,14
6784,14
6785,0
6786,2
6787,0
6788,6
6789,16
6790,40
6791,4
6792,3
6793,36
6794,9
6795,16
6796,12
6797,13
6798,9
6799,14
6800,9
6801,14
6802,2
6803,9
6804,32
6805,9
6806,28
6807,7
6808,18
6809,21
6810,14
6811,28
6812,10
6813,32
6814,0
6815,0
6816,72
6817,5
6818,7
6819,0
6820,6
6821,18
6822,48
6823,10
6824,12
6825,16
6826,9
6827,7
6828,4
6829,4
6830,4
6831,8
6832,2
6833,12
6834,2
6835,0
6836,12
6837,5
6838,4
6839,7
6840,18
6841,15
6842,16
6843,48
6844,48
6845,63
6846,0
6847,32
6848,4
6849,9
6850,5
6851,12
6852,0
6853,9
6854,30
6855,10
6856,24
6857,42
6858,25
6859,18
6860,8
6861,8
6862,7
6863,7
6864,36
6865,36
6866,27
6867,9
6868,8
6869,20
6870,9
6871,9
6872,11
6873,2
6874,12
6875,35
6876,4
6877,16
6878,6
6879,21
6880,11
6881,7
6882,42
6883,10
6884,16
6885,16
6886,14
6887,0
6888,20
6889,0
6890,0
6891,21
6892,10
6893,18
6894,10
6895,2
6896,8
6897,14
6898,8
6899,10
6900,0
6901,8
6902,5
6903,9
6904,32
6905,8
6906,18
6907,54
6908,5
6909,10
6910,11
6911,4
6912,13
6913,15
6914,12
6915,8
6916,0
6917,3
6918,32
6919,8
6920,0
6921,18
6922,21
6923,64
6924,0
6925,35
6926,8
6927,49
6928,18
6929,54
6930,5
6931,15
6932,15
6933,5
6934,12
6935,13
6936,4
6937,7
6938,8
6939,4
6940,14
6941,7
6942,11
6943,64
6944,7
6945,0
6946,4
6947,0
6948,7
6949,4
6950,8
6951,6
6952,36
6953,11
6954,4
6955,8
6956,9
6957,16
6958,14
6959,16
6960,6
6961,4
6962,11
6963,9
6964,35
6965,16
6966,0
6967,11
6968,0
6969,3
6970,0
6971,0
6972,28
6973,24
6974,45
6975,6
6976,15
6977,15
6978,15
6979,8
6980,6
6981,14
6982,7
6983,12
6984,10
6985,10
6986,9
6987,0
6988,7
6989,32
6990,7
6991,13
6992,12
6993,5
6994,36
6995,9
6996,11
6997,36
6998,10
6999,14
7000,81
7001,15
7002,0
7003,14
7004,10
7005,72
7006,3
7007,0
7008,12
7009,9
7010,6
7011,3
7012,16
7013,48
7014,15
7015,28
7016,9
7017,6
7018,24
7019,12
7020,16
7021,0
7022,9
7023,40
7024,5
7025,30
7026,8
7027,27
7028,2
7029,7
7030,0
7031,0
7032,14
7033,14
7034,11
7035,16
7036,2
7037,8
7038,8
7039,20
7040,32
7041,10
7042,0
7043,9
7044,7
7045,15
7046,2
7047,30
7048,14
7049,45
7050,49
7051,10
7052,6
7053,45
7054,4
7055,3
7056,0
7057,49
7058,12
7059,4
7060,9
7061,13
7062,48
7063,0
7064,3
7065,27
7066,6
7067,24
7068,11
7069,49
7070,4
7071,0
7072,0
7073,30
7074,16
7075,63
7076,56
7077,72
7078,20
7079,35
7080,4
7081,1
7082,9
7083,10
7084,12
7085,10
7086,14
7087,32
7088,28
7089,0
7090,0
7091,12
7092,9
7093,12
7094,11
7095,2
7096,17
7097,12
7098,8
7099,1
7100,10
7101,14
7102,8
7103,7
7104,27
7105,42
7106,13
7107,21
7108,15
7109,0
7110,16
7111,12
7112,8
7113,63
7114,16
7115,9
7116,42
7117,27
7118,40
7119,15
7120,0
7121,8
7122,12
7123,8
7124,11
7125,7
7126,21
7127,12
7128,4
7129,24
7130,35
7131,4
7132,10
7133,27
7134,4
7135,8
7136,17
7137,11
7138,12
7139,9
7140,3
7141,1
7142,0
7143,12
7144,3
7145,9
7146,24
7147,9
7148,12
7149,0
7150,12
7151,27
7152,10
7153,81
7154,24
7155,64
7156,28
7157,3
7158,6
7159,24
7160,1
7161,0
7162,9
7163,0
7164,7
7165,1
7166,11
7167,16
7168,0
7169,0
7170,12
7171,18
7172,40
7173,9
7174,6
7175,48
7176,3
7177,0
7178,35
7179,54
7180,0
7181,15
7182,15
7183,9
7184,7
7185,0
7186,27
7187,12
7188,30
7189,0
7190,4
7191,7
7192,4
7193,10
7194,25
7195,32
7196,45
7197,24
7198,0
7199,8
7200,42
7201,18
7202,3
7203,18
7204,8
7205,12
7206,48
7207,4
7208,6
7209,4
7210,4
7211,18
7212,0
7213,32
7214,3
7215,8
7216,36
7217,8
7218,0
7219,0
7220,1
7221,5
7222,27
7223,12
7224,4
7225,15
7226,9
7227,13
7228,5
7229,1
7230,15
7231,72
7232,12
7233,72
7234,5
7235,12
7236,11
7237,9
7238,35
7239,45
7240,12
7241,0
7242,9
7243,8
7244,10
7245,15
7246,5
7247,7
7248,56
7249,8
7250,7
7251,18
7252,12
7253,2
7254,24
7255,0
7256,72
7257,18
7258,8
7259,8
7260,54
7261,27
7262,0
7263,4
7264,1
7265,6
7266,9
7267,6
7268,3
7269,14
7270,30
7271,4
7272,15
7273,4
7274,27
7275,35
7276,7
7277,35
7278,11
7279,2
7280,0
7281,10
7282,16
7283,4
7284,14
7285,8
7286,6
7287,10
7288,4
7289,5
7290,11
7291,12
7292,18
7293,12
7294,7
7295,24
7296,63
7297,13
7298,16
7299,6
7300,12
7301,0
7302,36
7303,9
7304,0
7305,18
7306,15
7307,9
7308,9
7309,9
7310,21
7311,3
7312,7
7313,16
7314,8
7315,15
7316,72
7317,14
7318,7
7319,7
7320,7
7321,16
7322,72
7323,12
7324,5
7325,3
7326,20
7327,0
7328,63
7329,9
7330,27
7331,7
7332,3
7333,8
7334,8
7335,20
7336,18
7337,16
7338,56
7339,15
7340,45
7341,14
7342,15
7343,10
7344,72
7345,11
7346,32
7347,0
7348,64
7349,28
7350,6
7351,0
7352,11
7353,36
7354,0
7355,8
7356,4
7357,7
7358,21
7359,7
7360,16
7361,56
7362,11
7363,72
7364,14
7365,15
7366,81
7367,25
7368,5
7369,3
7370,0
7371,8
7372,28
7373,16
7374,10
7375,9
7376,16
7377,1
7378,36
7379,0
7380,11
7381,35
7382,16
7383,2
7384,9
7385,5
7386,1
7387,64
7388,11
7389,24
7390,36
7391,9
7392,32
7393,28
7394,0
7395,0
7396,10
7397,10
7398,2
7399,21
7400,13
7401,6
7402,2
7403,0
7404,18
7405,10
7406,9
7407,2
7408,0
7409,14
7410,64
7411,35
7412,11
7413,11
7414,40
7415,12
7416,8
7417,0
7418,8
7419,64
7420,0
7421,54
7422,17
7423,6
7424,36
7425,9
7426,12
7427,10
7428,17
7429,0
7430,12
7431,9
7432,9
7433,0
7434,7
7435,0
7436,3
7437,0
7438,16
7439,10
7440,7
7441,72
7442,6
7443,3
7444,1
7445,5
7446,7
7447,15
7448,5
7449,12
7450,20
7451,48
7452,0
7453,7
7454,2
7455,13
7456,9
7457,6
7458,9
7459,63
7460,0
7461,15
7462,0
7463,36
7464,12
7465,28
7466,20
7467,0
7468,64
7469,0
7470,12
7471,18
7472,4
7473,24
7474,16
7475,15
7476,48
7477,63
7478,0
7479,20
7480,12
7481,49
7482,8
7483,4
7484,0
7485,0
7486,9
7487,5
7488,0
7489,35
7490,3
7491,18
7492,8
7493,48
7494,24
7495,6
7496,6
7497,5
7498,12
7499,24
7500,6
7501,15
7502,6
7503,8
7504,28
7505,12
7506,8
7507,56
7508,6
7509,4
7510,3
7511,6
7512,8
7513,3
7514,9
7515,3
7516,7
7517,10
7518,5
7519,8
7520,0
7521,10
7522,8
7523,30
7524,48
7525,18
7526,18
7527,3
7528,63
7529,64
7530,32
7531,15
7532,0
7533,16
7534,11
7535,72
7536,72
7537,8
7538,7
7539,32
7540,16
7541,8
7542,20
7543,6
7544,42
7545,32
7546,7
7547,30
7548,12
7549,21
7550,15
7551,10
7552,25
7553,7
7554,0
7555,8
7556,27
7557,30
7558,6
7559,56
7560,20
7561,40
7562,32
7563,6
7564,17
7565,12
7566,28
7567,42
7568,10
7569,10
7570,1
7571,13
7572,12
7573,13
7574,12
7575,42
7576,8
7577,11
7578,72
7579,8
7580,40
7581,24
7582,12
7583,8
7584,0
7585,9
7586,9
7587,4
7588,15
7589,54
7590,18
7591,9
7592,0
7593,6
7594,15
7595,7
7596,14
7597,9
7598,36
7599,7
7600,9
7601,15
7602,18
7603,12
7604,0
7605,0
7606,9
7607,16
7608,12
7609,9
7610,10
7611,30
7612,18
7613,9
7614,3
7615,12
7616,10
7617,72
7618,28
7619,7
7620,10
7621,3
7622,10
7623,9
7624,11
7625,14
7626,49
7627,8
7628,7
7629,72
7630,13
7631,14
7632,56
7633,54
7634,14
7635,72
7636,6
7637,0
7638,6
7639,8
7640,7
7641,0
7642,12
7643,17
7644,24
7645,7
7646,5
7647,40
7648,0
7649,21
7650,6
7651,56
7652,56
7653,12
7654,32
7655,6
7656,2
7657,9
7658,24
7659,36
7660,48
7661,6
7662,16
7663,35
7664,48
7665,14
7666,10
7667,0
7668,12
7669,14
7670,2
7671,6
7672,0
7673,18
7674,0
7675,0
7676,0
7677,3
7678,9
7679,5
7680,7
7681,0
7682,11
7683,2
7684,7
7685,4
7686,8
7687,11
7688,12
7689,56
7690,8
7691,15
7692,49
7693,4
7694,21
7695,12
7696,14
7697,14
7698,0
7699,0
7700,0
7701,8
7702,0
7703,14
7704,30
7705,4
7706,7
7707,8
7708,6
7709,9
7710,4
7711,27
7712,0
7713,16
7714,9
7715,15
7716,9
7717,6
7718,9
7719,3
7720,4
7721,49
7722,9
7723,24
7724,6
7725,48
7726,13
7727,12
7728,8
7729,3
7730,5
7731,6
7732,9
7733,20
7734,9
7735,72
7736,7
7737,64
7738,8
7739,25
7740,15
7741,63
7742,12
7743,0
7744,11
7745,2
7746,5
7747,8
7748,56
7749,35
7750,36
7751,15
7752,16
7753,24
7754,15
7755,0
7756,5
7757,0
7758,1
7759,0
7760,14
7761,8
7762,6
7763,5
7764,3
7765,5
7766,18
7767,7
7768,11
7769,40
7770,5
7771,56
7772,10
7773,0
7774,24
7775,4
7776,7
7777,6
7778,36
7779,24
7780,48
7781,30
7782,42
7783,2
7784,15
7785,24
7786,10
7787,0
7788,63
7789,14
7790,2
7791,0
7792,9
7793,18
7794,4
7795,11
7796,10
7797,6
7798,15
7799,11
7800,24
7801,7
7802,5
7803,9
7804,2
7805,7
7806,10
7807,14
7808,25
7809,13
7810,20
7811,3
7812,0
7813,4
7814,7
7815,12
7816,13
7817,9
7818,9
7819,48
7820,27
7821,16
7822,11
7823,1
7824,8
7825,18
7826,3
7827,6
7828,11
7829,10
7830,10
7831,0
7832,30
7833,9
7834,10
7835,6
7836,40
7837,8
7838,0
7839,56
7840,5
7841,24
7842,10
7843,36
7844,16
7845,8
7846,10
7847,2
7848,4
7849,16
7850,10
7851,0
7852,14
7853,6
7854,0
7855,12
7856,4
7857,0
7858,9
7859,20
7860,45
7861,7
7862,10
7863,6
7864,2
7865,42
7866,0
7867,0
7868,14
7869,10
7870,49
7871,16
7872,20
7873,9
7874,15
7875,24
7876,12
7877,0
7878,18
7879,30
7880,13
7881,6
7882,15
7883,6
7884,7
7885,0
7886,40
7887,9
7888,12
7889,25
7890,13
7891,36
7892,0
7893,18
7894,6
7895,15
7896,7
7897,45
7898,13
7899,4
7900,1
7901,21
7902,8
7903,7
7904,3
7905,9
7906,1
7907,1
7908,0
7909,0
7910,6
7911,6
7912,0
7913,0
7914,17
7915,54
7916,14
7917,17
7918,36
7919,0
7920,4
7921,24
7922,0
7923,12
7924,8
7925,0
7926,24
7927,12
7928,63
7929,36
7930,0
7931,45
7932,6
7933,16
7934,9
7935,1
7936,2
7937,5
7938,0
7939,13
7940,21
7941,8
7942,8
7943,5
7944,1
7945,9
7946,14
7947,6
7948,11
7949,8
7950,14
7951,6
7952,9
7953,12
7954,0
7955,7
7956,11
7957,10
7958,10
7959,15
7960,6
7961,24
7962,5
7963,14
7964,9
7965,12
7966,6
7967,8
7968,8
7969,4
7970,0
7971,30
7972,8
7973,11
7974,3
7975,72
7976,4
7977,54
7978,17
7979,6
7980,12
7981,14
7982,0
7983,72
7984,3
7985,6
7986,49
7987,9
7988,48
7989,7
7990,0
7991,12
7992,8
7993,16
7994,0
7995,12
7996,2
7997,49
7998,6
7999,24
8000,3
8001,21
8002,18
8003,3
8004,8
8005,2
8006,27
8007,8
8008,0
8009,16
8010,0
8011,0
8012,36
8013,14
8014,0
8015,0
8016,15
8017,8
8018,8
8019,16
8020,9
8021,0
8022,49
8023,36
8024,12
8025,12
8026,6
8027,8
8028,0
8029,5
8030,14
8031,10
8032,3
8033,8
8034,10
8035,3
8036,81
8037,9
8038,7
8039,56
8040,40
8041,10
8042,7
8043,0
8044,0
8045,5
8046,3
8047,8
8048,56
8049,1
8050,0
8051,20
8052,21
8053,40
8054,8
8055,5
8056,10
8057,4
8058,54
8059,14
8060,8
8061,11
8062,17
8063,9
8064,0
8065,42
8066,40
8067,7
8068,9
8069,42
8070,11
8071,36
8072,3
8073,8
8074,4
8075,12
8076,9
8077,45
8078,8
8079,6
8080,6
8081,9
8082,16
8083,14
8084,0
8085,1
8086,8
8087,4
8088,6
8089,7
8090,24
8091,8
8092,27
8093,8
8094,11
8095,0
8096,14
8097,36
8098,7
8099,63
8100,0
8101,14
8102,24
8103,63
8104,6
8105,9
8106,56
8107,6
8108,8
8109,16
8110,11
8111,16
8112,0
8113,6
8114,5
8115,32
8116,3
8117,14
8118,35
8119,8
8120,4
8121,0
8122,3
8123,21
8124,27
8125,9
8126,9
8127,54
8128,0
8129,56
8130,10
8131,16
8132,3
8133,8
8134,12
8135,5
8136,14
8137,6
8138,6
8139,6
8140,20
8141,4
8142,48
8143,8
8144,12
8145,3
8146,15
8147,15
8148,8
8149,16
8150,20
8151,15
8152,48
8153,6
8154,81
8155,8
8156,32
8157,24
8158,16
8159,6
8160,0
8161,63
8162,42
8163,9
8164,8
8165,0
8166,3
8167,15
8168,7
8169,16
8170,13
8171,0
8172,8
8173,10
8174,17
8175,4
8176,6
8177,5
8178,6
8179,63
8180,32
8181,15
8182,4
8183,0
8184,0
8185,6
8186,12
8187,4
8188,15
8189,8
8190,10
8191,12
8192,8
8193,8
8194,8
8195,6
8196,8
8197,14
8198,9
8199,7
8200,54
8201,20
8202,40
8203,14
8204,5
8205,30
8206,20
8207,16
8208,9
8209,45
8210,7
8211,4
8212,11
8213,12
8214,8
8215,16
8216,36
8217,13
8218,5
8219,21
8220,27
8221,9
8222,13
8223,7
8224,3
8225,10
8226,6
8227,6
8228,64
8229,9
8230,35
8231,0
8232,8
8233,6
8234,0
8235,6
8236,12
8237,11
8238,0
8239,4
8240,5
8241,0
8242,24
8243,0
8244,0
8245,4
8246,15
8247,0
8248,10
8249,0
8250,9
8251,8
8252,0
8253,24
8254,12
8255,0
8256,7
8257,6
8258,0
8259,8
8260,5
8261,6
8262,12
8263,40
8264,4
8265,7
8266,15
8267,42
8268,3
8269,24
8270,9
8271,14
8272,8
8273,25
8274,12
8275,16
8276,14
8277,0
8278,9
8279,9
8280,63
8281,24
8282,24
8283,0
8284,0
8285,6
8286,56
8287,0
8288,5
8289,8
8290,5
8291,16
8292,28
8293,6
8294,8
8295,3
8296,48
8297,15
8298,6
8299,32
8300,14
8301,3
8302,25
8303,25
8304,4
8305,14
8306,15
8307,11
8308,12
8309,27
8310,10
8311,5
8312,2
8313,5
8314,10
8315,11
8316,56
8317,42
8318,16
8319,0
8320,14
8321,16
8322,0
8323,4
8324,40
8325,10
8326,18
8327,10
8328,13
8329,6
8330,0
8331,8
8332,10
8333,0
8334,1
8335,0
8336,2
8337,6
8338,42
8339,15
8340,42
8341,0
8342,13
8343,11
8344,45
8345,5
8346,24
8347,0
8348,8
8349,81
8350,1
8351,1
8352,0
8353,12
8354,10
8355,13
8356,0
8357,5
8358,12
8359,8
8360,1
8361,9
8362,15
8363,11
8364,42
8365,12
8366,4
8367,0
8368,0
8369,11
8370,18
8371,12
8372,12
8373,4
8374,15
8375,8
8376,10
8377,72
8378,8
8379,42
8380,16
8381,9
8382,18
8383,7
8384,5
8385,27
8386,9
8387,0
8388,15
8389,2
8390,4
8391,10
8392,11
8393,8
8394,0
8395,24
8396,8
8397,9
8398,14
8399,10
8400,3
8401,6
8402,14
8403,11
8404,11
8405,0
8406,54
8407,28
8408,32
8409,14
8410,3
8411,9
8412,11
8413,18
8414,4
8415,16
8416,14
8417,1
8418,45
8419,28
8420,54
8421,8
8422,5
8423,10
8424,6
8425,7
8426,14
8427,5
8428,7
8429,11
8430,4
8431,6
8432,36
8433,40
8434,4
8435,72
8436,45
8437,0
8438,6
8439,8
8440,11
8441,3
8442,30
8443,0
8444,18
8445,18
8446,32
8447,24
8448,8
8449,9
8450,56
8451,21
8452,6
8453,12
8454,18
8455,36
8456,0
8457,14
8458,30
8459,8
8460,0
8461,15
8462,0
8463,0
8464,12
8465,5
8466,0
8467,21
8468,18
8469,9
8470,8
8471,1
8472,3
8473,11
8474,56
8475,9
8476,4
8477,16
8478,15
8479,54
8480,10
8481,6
8482,10
8483,14
8484,3
8485,18
8486,3
8487,72
8488,11
8489,81
8490,0
8491,64
8492,0
8493,45
8494,24
8495,3
8496,9
8497,4
8498,0
8499,7
8500,7
8501,0
8502,12
8503,4
8504,16
8505,4
8506,16
8507,63
8508,24
8509,0
8510,8
8511,8
8512,0
8513,14
8514,36
8515,2
8516,40
8517,24
8518,15
8519,48
8520,25
8521,13
8522,6
8523,9
8524,18
8525,56
8526,30
8527,10
8528,10
8529,18
8530,6
8531,6
8532,12
8533,11
8534,10
8535,12
8536,11
8537,0
8538,18
8539,56
8540,9
8541,4
8542,63
8543,8
8544,30
8545,0
8546,0
8547,18
8548,30
8549,5
8550,28
8551,8
8552,0
8553,10
8554,17
8555,12
8556,0
8557,14
8558,36
8559,72
8560,56
8561,5
8562,9
8563,6
8564,0
8565,7
8566,63
8567,12
8568,12
8569,30
8570,30
8571,5
8572,16
8573,2
8574,6
8575,2
8576,20
8577,9
8578,14
8579,0
8580,7
8581,17
8582,30
8583,8
8584,16
8585,10
8586,54
8587,5
8588,24
8589,4
8590,35
8591,0
8592,8
8593,11
8594,48
8595,8
8596,28
8597,18
8598,11
8599,9
8600,13
8601,3
8602,40
8603,6
8604,8
8605,7
8606,10
8607,9
8608,12
8609,32
8610,18
8611,54
8612,7
8613,13
8614,4
8615,15
8616,28
8617,0
8618,12
8619,9
8620,32
8621,21
8622,0
8623,0
8624,8
8625,16
8626,48
8627,8
8628,5
8629,72
8630,0
8631,15
8632,4
8633,0
8634,0
8635,72
8636,81
8637,0
8638,15
8639,8
8640,49
8641,21
8642,8
8643,10
8644,13
8645,7
8646,0
8647,9
8648,4
8649,49
8650,36
8651,1
8652,40
8653,12
8654,5
8655,25
8656,8
8657,16
8658,32
8659,32
8660,27
8661,0
8662,32
8663,18
8664,13
8665,16
8666,72
8667,24
8668,2
8669,11
8670,4
8671,36
8672,10
8673,6
8674,8
8675,9
8676,16
8677,5
8678,7
8679,9
8680,7
8681,35
8682,6
8683,8
8684,32
8685,16
8686,81
8687,14
8688,5
8689,0
8690,0
8691,16
8692,10
8693,5
8694,16
8695,5
8696,54
8697,56
8698,36
8699,5
8700,3
8701,49
8702,40
8703,13
8704,6
8705,13
8706,48
8707,21
8708,49
8709,2
8710,0
8711,4
8712,4
8713,21
8714,28
8715,10
8716,6
8717,6
8718,11
8719,12
8720,10
8721,9
8722,0
8723,24
8724,24
8725,6
8726,0
8727,7
8728,10
8729,0
8730,32
8731,0
8732,12
8733,12
8734,16
8735,56
8736,12
8737,14
8738,0
8739,0
8740,21
8741,3
8742,10
8743,8
8744,7
8745,9
8746,0
8747,13
8748,13
8749,12
8750,8
8751,11
8752,10
8753,0
8754,0
8755,48
8756,36
8757,12
8758,12
8759,21
8760,10
8761,12
8762,11
8763,9
8764,8
8765,0
8766,10
8767,49
8768,15
8769,7
8770,35
8771,4
8772,2
8773,0
8774,18
8775,16
8776,24
8777,4
8778,30
8779,15
8780,35
8781,36
8782,9
8783,0
8784,10
8785,10
8786,30
8787,6
8788,3
8789,40
8790,13
8791,16
8792,20
8793,8
8794,12
8795,16
8796,4
8797,0
8798,8
8799,4
8800,54
8801,36
8802,9
8803,9
8804,72
8805,15
8806,35
8807,28
8808,12
8809,14
8810,48
8811,28
8812,24
8813,10
8814,2
8815,56
8816,0
8817,17
8818,0
8819,0
8820,3
8821,1
8822,9
8823,10
8824,3
8825,40
8826,7
8827,9
8828,30
8829,12
8830,5
8831,0
8832,54
8833,0
8834,0
8835,17
8836,0
8837,10
8838,7
8839,40
8840,3
8841,3
8842,0
8843,54
8844,12
8845,36
8846,6
8847,5
8848,10
8849,7
8850,54
8851,10
8852,0
8853,0
8854,14
8855,5
8856,16
8857,27
8858,1
8859,0
8860,9
8861,40
8862,0
8863,0
8864,7
8865,16
8866,72
8867,0
8868,11
8869,3
8870,18
8871,10
8872,81
8873,3
8874,56
8875,8
8876,25
8877,42
8878,10
8879,13
8880,7
8881,8
8882,3
8883,0
8884,54
8885,3
8886,6
8887,3
8888,56
8889,0
8890,3
8891,56
8892,81
8893,7
8894,4
8895,64
8896,11
8897,12
8898,0
8899,2
8900,2
8901,14
8902,6
8903,0
8904,8
8905,35
8906,7
8907,9
8908,0
8909,9
8910,21
8911,8
8912,18
8913,3
8914,35
8915,1
8916,6
8917,0
8918,24
8919,6
8920,54
8921,0
8922,0
8923,42
8924,12
8925,8
8926,48
8927,7
8928,3
8929,9
8930,3
8931,12
8932,9
8933,13
8934,7
8935,10
8936,16
8937,4
8938,42
8939,9
8940,8
8941,18
8942,0
8943,10
8944,8
8945,40
8946,28
8947,15
8948,20
8949,2
8950,17
8951,54
8952,12
8953,6
8954,48
8955,81
8956,5
8957,56
8958,42
8959,16
8960,54
8961,13
8962,45
8963,10
8964,4
8965,36
8966,35
8967,35
8968,11
8969,0
8970,9
8971,5
8972,40
8973,6
8974,24
8975,36
8976,4
8977,11
8978,35
8979,63
8980,6
8981,11
8982,24
8983,2
8984,6
8985,4
8986,7
8987,10
8988,12
8989,6
8990,0
8991,40
8992,25
8993,12
8994,27
8995,6
8996,0
8997,7
8998,3
8999,54
9000,35
9001,2
9002,9
9003,27
9004,54
9005,40
9006,9
9007,27
9008,15
9009,8
9010,9
9011,4
9012,6
9013,16
9014,9
9015,11
9016,48
9017,12
9018,5
9019,9
9020,0
9021,6
9022,3
9023,24
9024,64
9025,36
9026,11
9027,0
9028,30
9029,12
9030,9
9031,8
9032,11
9033,4
9034,14
9035,6
9036,28
9037,24
9038,6
9039,14
9040,7
9041,3
9042,12
9043,5
9044,10
9045,12
9046,9
9047,9
9048,16
9049,42
9050,2
9051,10
9052,11
9053,32
9054,2
9055,72
9056,7
9057,13
9058,1
9059,8
9060,36
9061,54
9062,2
9063,6
9064,0
9065,8
9066,54
9067,20
9068,6
9069,0
9070,10
9071,5
9072,63
9073,0
9074,28
9075,3
9076,25
9077,1
9078,36
9079,12
9080,40
9081,3
9082,15
9083,14
9084,14
9085,16
9086,5
9087,81
9088,9
9089,0
9090,10
9091,10
9092,21
9093,2
9094,12
9095,7
9096,45
9097,36
9098,12
9099,10
9100,5
9101,13
9102,36
9103,12
9104,9
9105,9
9106,12
9107,32
9108,8
9109,14
9110,15
9111,56
9112,12
9113,2
9114,56
9115,8
9116,36
9117,6
9118,8
9119,4
9120,12
9121,0
9122,9
9123,9
9124,8
9125,1
9126,4
9127,8
9128,10
9129,18
9130,0
9131,10
9132,0
9133,8
9134,5
9135,48
9136,1
9137,9
9138,2
9139,2
9140,30
9141,49
9142,36
9143,15
9144,24
9145,8
9146,32
9147,12
9148,42
9149,30
9150,8
9151,8
9152,12
9153,13
9154,63
9155,15
9156,10
9157,45
9158,16
9159,6
9160,2
9161,9
9162,2
9163,18
9164,12
9165,5
9166,11
9167,21
9168,72
9169,14
9170,17
9171,12
9172,4
9173,12
9174,0
9175,36
9176,24
9177,1
9178,0
9179,0
9180,12
9181,8
9182,24
9183,6
9184,7
9185,8
9186,6
9187,81
9188,63
9189,10
9190,8
9191,7
9192,30
9193,9
9194,4
9195,2
9196,49
9197,11
9198,4
9199,6
9200,11
9201,10
9202,13
9203,8
9204,12
9205,12
9206,1
9207,9
9208,35
9209,3
9210,8
9211,12
9212,12
9213,10
9214,21
9215,72
9216,14
9217,8
9218,0
9219,9
9220,6
9221,3
9222,4
9223,40
9224,24
9225,8
9226,2
9227,5
9228,8
9229,15
9230,13
9231,21
9232,9
9233,13
9234,20
9235,9
9236,12
9237,45
9238,21
9239,10
9240,36
9241,13
9242,12
9243,3
9244,5
9245,5
9246,15
9247,36
9248,3
9249,14
9250,5
9251,17
9252,9
9253,6
9254,18
9255,36
9256,5
9257,9
9258,45
9259,30
9260,36
9261,30
9262,8
9263,30
9264,8
9265,27
9266,30
9267,10
9268,17
9269,63
9270,0
9271,0
9272,27
9273,11
9274,42
9275,42
9276,12
9277,10
9278,0
9279,13
9280,24
9281,27
9282,15
9283,21
9284,4
9285,0
9286,13
9287,7
9288,28
9289,2
9290,8
9291,0
9292,0
9293,48
9294,18
9295,0
9296,0
9297,36
9298,4
9299,7
9300,5
9301,30
9302,3
9303,0
9304,6
9305,10
9306,0
9307,14
9308,4
9309,9
9310,2
9311,6
9312,10
9313,7
9314,16
9315,24
9316,5
9317,36
9318,0
9319,18
9320,6
9321,16
9322,35
9323,6
9324,2
9325,7
9326,4
9327,18
9328,7
9329,32
9330,10
9331,9
9332,0
9333,28
9334,0
9335,10
9336,16
9337,4
9338,9
9339,13
9340,11
9341,42
9342,72
9343,2
9344,12
9345,36
9346,18
9347,3
9348,6
9349,4
9350,7
9351,3
9352,2
9353,6
9354,14
9355,5
9356,17
9357,27
9358,10
9359,9
9360,16
9361,7
9362,14
9363,2
9364,12
9365,8
9366,3
9367,6
9368,7
9369,15
9370,40
9371,40
9372,48
9373,32
9374,3
9375,15
9376,18
9377,8
9378,13
9379,4
9380,18
9381,42
9382,8
9383,24
9384,10
9385,36
9386,14
9387,9
9388,10
9389,3
9390,9
9391,1
9392,24
9393,17
9394,0
9395,7
9396,8
9397,9
9398,8
9399,24
9400,3
9401,0
9402,35
9403,9
9404,0
9405,7
9406,24
9407,9
9408,9
9409,4
9410,8
9411,8
9412,0
9413,15
9414,1
9415,18
9416,40
9417,9
9418,1
9419,12
9420,13
9421,6
9422,56
9423,7
9424,24
9425,2
9426,81
9427,10
9428,27
9429,7
9430,28
9431,7
9432,8
9433,0
9434,0
9435,16
9436,35
9437,9
9438,8
9439,11
9440,15
9441,9
9442,5
9443,3
9444,7
9445,0
9446,30
9447,13
9448,14
9449,6
9450,32
9451,9
9452,1
9453,9
9454,48
9455,9
9456,8
9457,0
9458,0
9459,5
9460,32
9461,4
9462,12
9463,12
9464,3
9465,0
9466,12
9467,7
9468,11
9469,9
9470,54
9471,72
9472,4
9473,0
9474,24
9475,5
9476,0
9477,0
9478,9
9479,0
9480,64
9481,9
9482,24
9483,16
9484,6
9485,48
9486,7
9487,12
9488,5
9489,12
9490,8
9491,5
9492,12
9493,11
9494,9
9495,5
9496,5
9497,63
9498,0
9499,11
9500,10
9501,9
9502,6
9503,5
9504,6
9505,12
9506,6
9507,27
9508,9
9509,0
9510,49
9511,21
9512,0
9513,5
9514,30
9515,25
9516,9
9517,81
9518,28
9519,1
9520,7
9521,28
9522,14
9523,4
9524,18
9525,12
9526,3
9527,56
9528,10
9529,0
9530,7
9531,7
9532,9
9533,42
9534,10
9535,40
9536,10
9537,14
9538,0
9539,72
9540,12
9541,10
9542,30
9543,7
9544,56
9545,24
9546,8
9547,0
9548,5
9549,5
9550,0
9551,0
9552,6
9553,11
9554,9
9555,18
9556,28
9557,9
9558,0
9559,7
9560,9
9561,3
9562,10
9563,63
9564,24
9565,11
9566,12
9567,7
9568,7
9569,32
9570,9
9571,10
9572,35
9573,48
9574,1
9575,1
9576,21
9577,13
9578,12
9579,14
9580,14
9581,0
9582,7
9583,7
9584,40
9585,4
9586,21
9587,0
9588,27
9589,11
9590,4
9591,3
9592,28
9593,5
9594,0
9595,6
9596,24
9597,3
9598,10
9599,7
9600,0
9601,21
9602,15
9603,32
9604,12
9605,0
9606,54
9607,9
9608,18
9609,0
9610,3
9611,7
9612,0
9613,0
9614,16
9615,7
9616,0
9617,14
9618,24
9619,24
9620,9
9621,7
9622,8
9623,2
9624,0
9625,49
9626,45
9627,8
9628,15
9629,10
9630,8
9631,45
9632,7
9633,14
9634,20
9635,5
9636,2
9637,24
9638,0
9639,15
9640,0
9641,21
9642,6
9643,9
9644,0
9645,40
9646,11
9647,72
9648,36
9649,0
9650,49
9651,18
9652,15
9653,6
9654,7
9655,3
9656,40
9657,6
9658,5
9659,20
9660,4
9661,7
9662,24
9663,18
9664,10
9665,15
9666,42
9667,7
9668,10
9669,10
9670,12
9671,36
9672,8
9673,35
9674,9
9675,14
9676,32
9677,6
9678,56
9679,9
9680,40
9681,6
9682,12
9683,13
9684,10
9685,0
9686,6
9687,11
9688,20
9689,6
9690,7
9691,14
9692,4
9693,18
9694,4
9695,3
9696,8
9697,6
9698,12
9699,6
9700,6
9701,8
9702,6
9703,3
9704,0
9705,16
9706,72
9707,3
9708,9
9709,36
9710,0
9711,16
9712,0
9713,56
9714,10
9715,40
9716,15
9717,3
9718,7
9719,9
9720,35
9721,18
9722,20
9723,14
9724,10
9725,36
9726,36
9727,5
9728,36
9729,0
9730,10
9731,0
9732,9
9733,18
9734,18
9735,1
9736,3
9737,6
9738,15
9739,6
9740,0
9741,0
9742,64
9743,42
9744,6
9745,7
9746,16
9747,56
9748,36
9749,3
9750,9
9751,12
9752,14
9753,12
9754,15
9755,32
9756,21
9757,16
9758,4
9759,11
9760,4
9761,27
9762,64
9763,9
9764,13
9765,10
9766,6
9767,48
9768,7
9769,5
9770,21
9771,8
9772,12
9773,11
9774,0
9775,18
9776,4
9777,0
9778,11
9779,8
9780,35
9781,10
9782,1
9783,7
9784,0
9785,35
9786,0
9787,0
9788,21
9789,6
9790,2
9791,7
9792,3
9793,16
9794,12
9795,0
9796,49
9797,12
9798,0
9799,24
9800,32
9801,0
9802,8
9803,27
9804,24
9805,4
9806,32
9807,10
9808,8
9809,3
9810,8
9811,0
9812,4
9813,5
9814,16
9815,17
9816,6
9817,0
9818,4
9819,7
9820,24
9821,3
9822,18
9823,1
9824,27
9825,0
9826,0
9827,3
9828,11
9829,11
9830,54
9831,0
9832,12
9833,4
9834,9
9835,42
9836,11
9837,0
9838,8
9839,42
9840,35
9841,7
9842,24
9843,12
9844,16
9845,0
9846,0
9847,12
9848,8
9849,10
9850,10
9851,30
9852,0
9853,5
9854,0
9855,6
9856,9
9857,27
9858,64
9859,4
9860,8
9861,4
9862,5
9863,10
9864,15
9865,9
9866,11
9867,11
9868,18
9869,4
9870,7
9871,0
9872,45
9873,16
9874,4
9875,63
9876,12
9877,9
9878,28
9879,14
9880,13
9881,12
9882,6
9883,2
9884,36
9885,11
9886,56
9887,18
9888,28
9889,4
9890,9
9891,6
9892,0
9893,4
9894,81
9895,16
9896,24
9897,11
9898,12
9899,13
9900,17
9901,10
9902,10
9903,4
9904,10
9905,10
9906,2
9907,10
9908,9
9909,7
9910,8
9911,12
9912,5
9913,7
9914,9
9915,9
9916,24
9917,1
9918,7
9919,3
9920,48
9921,48
9922,4
9923,2
9924,14
9925,21
9926,36
9927,5
9928,9
9929,2
9930,16
9931,12
9932,5
9933,6
9934,0
9935,2
9936,2
9937,25
9938,10
9939,12
9940,0
9941,42
9942,0
9943,7
9944,12
9945,10
9946,14
9947,12
9948,16
9949,0
9950,36
9951,0
9952,16
9953,48
9954,28
9955,12
9956,48
9957,9
9958,0
9959,4
9960,3
9961,9
9962,0
9963,40
9964,9
9965,9
9966,9
9967,8
9968,18
9969,0
9970,25
9971,20
9972,28
9973,18
9974,0
9975,1
9976,10
9977,6
9978,0
9979,6
9980,18
9981,0
9982,63
9983,12
9984,11
9985,11
9986,9
9987,10
9988,8
9989,8
9990,1
9991,18
9992,1
9993,2
9994,48
9995,3
9996,2
9997,10
9998,0
9999,12
10000,4
